asset_uid,asset_code,asset_name,asset_type,category,configuration_details,quantity,rate,warranty_end_date,warranty_end_year,purchase_date,po_invoice_bill_no,po_invoice_bill_path,tagname_hostname,serial_number,vendor_name,assigned_to,asset_location,status,remarks,source_sheet,source_row,duplicate_warning,live_sync_status,live_hostname,live_machine_id,live_last_seen
HW-76232F9423,NXT-LAPY-01,Lenovo -82TS,LAPTOP,LAPTOP,i5 12 - 8 GB RAM - 500 GB SSD - windows 11 pro LIC,1,,,,,,,,6PRBCOS,,,Laptop/Headphone Master,,,Sheet2,2,,not_checked,,,
HW-14B58FC448,NXT-LAPY-02,Lenovo -82TS,LAPTOP,LAPTOP,i5 12 - 8 GB RAM - 500 GB SSD - windows 11 pro LIC,1,,,,,,,,5SDODKP,,,Laptop/Headphone Master,,,Sheet2,3,,not_checked,,,
HW-5700543C33,NXT-LAPY-03,Lenovo -82TS,LAPTOP,LAPTOP,i5 12 - 8 GB RAM - 500 GB SSD - windows 11 pro LIC,1,,,,,,,,9PRCGHK,,,Laptop/Headphone Master,,,Sheet2,4,,not_checked,,,
HW-ED1855B50C,NXT-LAPY-04,Lenovo -82TS,LAPTOP,LAPTOP,i5 12 - 8 GB RAM - 500 GB SSD - windows 11 pro LIC,1,,,,,,,,0PKFGHK,,,Laptop/Headphone Master,,,Sheet2,5,,not_checked,,,
HW-65ED99308F,NXT-LAPY-05,Lenovo -82TS,LAPTOP,LAPTOP,i5 12 - 8 GB RAM - 500 GB SSD - windows 11 pro LIC,1,,,,,,,,CK5FHJD,,,Laptop/Headphone Master,,,Sheet2,6,,not_checked,,,
HW-B7D9E2E075,NXT-LAPY-06,MSI Thin 15 B12UC,LAPTOP,LAPTOP,i7 12 Gen - 16 GB RAM -500 GB SSD - 4 GB NVDI Graphic card -Windows 11 Pro LIC,1,,,,,,,,BE0C0E3,,,Laptop/Headphone Master,,,Sheet2,7,,not_checked,,,
HW-A5B9FF35BA,NXT-MONT-01,Benq Moniter,Moniter,Moniter,32'' 4k moniter for laptop display,1,,,,,,,,na,,,Laptop/Headphone Master,,,Sheet2,8,,not_checked,,,
HW-40AC083105,NXT-LAPY-07,MSI Thin 15 B12UC,LAPTOP,LAPTOP,i7 12 Gen - 16 GB RAM -500 GB SSD - 4 GB NVDI Graphic card -Windows 11 Pro LIC,1,,,,,,,,BE0C0E3,,,Laptop/Headphone Master,,,Sheet2,9,,not_checked,,,
HW-A554DC5FD1,NXT-LAPY-08,MSI Cybong 15 A12UCK,LAPTOP,LAPTOP,i5 12 - 16 GB RAM - 500 GB SSD - 4 GB NVDI Graphic - windows 11 pro LiC,1,,,,,,,,C5B206,,,Laptop/Headphone Master,,,Sheet2,10,,not_checked,,,
HW-A6A5999143,NXT-LAPY-09,MSI Cybong 15 A12UCK,LAPTOP,LAPTOP,i5 12 - 16 GB RAM - 500 GB SSD - 4 GB NVDI Graphic - windows 11 pro LiC,1,,,,,,,,C5B289,,,Laptop/Headphone Master,,,Sheet2,11,,not_checked,,,
HW-F21AFF4E74,NXT-LAPY-10,Lenovo-legion 5,LAPTOP,LAPTOP,i7 10 Gen -16 GB RAM - 500 GB SSD - 4 GB NVDI Grafhic - Window 11 Pro LIC,1,,,,,,,,15mh05,,,Laptop/Headphone Master,,,Sheet2,12,,not_checked,,,
HW-D94C2523CA,NXT-LAPY-11,M4 MACK Book,LAPTOP,LAPTOP,M4 MACK Book,1,,,,,,,,NA,,,Laptop/Headphone Master,,,Sheet2,13,,not_checked,,,
HW-3000B384F2,NXT-LAPY-12,MSI-18Ai studio A1HG,LAPTOP,LAPTOP,ultr i9 -64GBRAM- 2 TB SSD - NVDI RTX 4080 - windows 10 Pro LOC,1,,,,,,,,BE0C1D4,,,Laptop/Headphone Master,,,Sheet2,14,,not_checked,,,
HW-D2FCBD46FF,NXT-LAPY-13,HP,LAPTOP,LAPTOP,Rizen 5 12 - 8 GB RAM - 500 GB SSD - windows 11 pro LIC,1,,,,,,,,CEDU0F5,,,Laptop/Headphone Master,,,Sheet2,15,,not_checked,,,
HW-0790A936F6,NXT-LAPY-14,MSI Thin 15 B12UC,LAPTOP,LAPTOP,i7 12 Gen - 16 GB RAM -500 GB SSD - 4 GB NVDI Graphic card -Windows 11 Pro LIC,1,,,,,,,,BE0C0E5,,,Laptop/Headphone Master,,,Sheet2,16,,not_checked,,,
HW-EA84E720FC,NXT-HED-01,SONY C1,Head Phone,Head Phone,Head phone with mick,1,,,,,,,,1,SONY C1,,Laptop/Headphone Master,,,Sheet2,17,duplicate merged from Headphone Details row 5,not_checked,,,
HW-12372A1CD9,NXT-HED-02,SONY C1,Head Phone,Head Phone,Head phone with mick,1,,,,,,,,2,RAZER Z1,,Laptop/Headphone Master,,,Sheet2,18,duplicate merged from Headphone Details row 6,not_checked,,,
HW-96381482E8,NXT-HED-03,SONY C1,Head Phone,Head Phone,Head phone with mick,1,,,,,,,,3,,,Laptop/Headphone Master,,,Sheet2,19,duplicate merged from Headphone Details row 7,not_checked,,,
HW-784A613CED,NXT-HED-04,SONY C1,Head Phone,Head Phone,Head phone with mick,1,,,,,,,,4,,,Laptop/Headphone Master,,,Sheet2,20,duplicate merged from Headphone Details row 8,not_checked,,,
HW-0A7B0832F2,NXT-HED-05,SONY C1,Head Phone,Head Phone,Head phone with mick,1,,,,,,,,5,,,Laptop/Headphone Master,,,Sheet2,21,duplicate merged from Headphone Details row 9,not_checked,,,
HW-A72E1571E7,NXT-HED-06,SONY C1,Head Phone,Head Phone,Head phone with mick,1,,,,,,,,6,,,Laptop/Headphone Master,,,Sheet2,22,duplicate merged from Headphone Details row 10,not_checked,,,
HW-FE854CDBA0,NXT-HED-07,SONY C1,Head Phone,Head Phone,Head phone with mick,1,,,,,,,,7,,,Laptop/Headphone Master,,,Sheet2,23,duplicate merged from Headphone Details row 11,not_checked,,,
HW-945F51A685,NXT-HED-08,SONY C1,Head Phone,Head Phone,Head phone with mick,1,,,,,,,,8,,,Laptop/Headphone Master,,,Sheet2,24,duplicate merged from Headphone Details row 12,not_checked,,,
HW-F854AD813F,NXT-HED-09,SONY C1,Head Phone,Head Phone,Head phone with mick,1,,,,,,,,9,,,Laptop/Headphone Master,,,Sheet2,25,duplicate merged from Headphone Details row 13,not_checked,,,
HW-2DB88C8BE4,NXT-HED-10,SONY C1,Head Phone,Head Phone,Head phone with mick,1,,,,,,,,10,,,Laptop/Headphone Master,,,Sheet2,26,duplicate merged from Headphone Details row 14,not_checked,,,
HW-47008425EE,NXT-HED-11,SONY C1,Head Phone,Head Phone,Head phone with mick,1,,,,,,,,11,,,Laptop/Headphone Master,,,Sheet2,27,duplicate merged from Headphone Details row 15,not_checked,,,
HW-117D6760EC,NXT-HED-12,SONY C1,Head Phone,Head Phone,Head phone with mick,1,,,,,,,,12,,,Laptop/Headphone Master,,,Sheet2,28,duplicate merged from Headphone Details row 16,not_checked,,,
HW-B1D95B2DE2,NXT-HED-13,SONY C1,Head Phone,Head Phone,Head phone with mick,1,,,,,,,,13,,,Laptop/Headphone Master,,,Sheet2,29,duplicate merged from Headphone Details row 17,not_checked,,,
HW-F864DEE48A,NXT-HED-14,SONY C1,Head Phone,Head Phone,Head phone with mick,1,,,,,,,,14,,,Laptop/Headphone Master,,,Sheet2,30,duplicate merged from Headphone Details row 18,not_checked,,,
HW-09722B535D,NXT-HED-15,SONY C1,Head Phone,Head Phone,Head phone with mick,1,,,,,,,,15,,,Laptop/Headphone Master,,,Sheet2,31,duplicate merged from Headphone Details row 19,not_checked,,,
HW-EA1E4E8B53,NXT-HED-16,SONY C1,Head Phone,Head Phone,Head phone with mick,1,,,,,,,,16,,,Laptop/Headphone Master,,,Sheet2,32,duplicate merged from Headphone Details row 20,not_checked,,,
HW-58437EEFCF,NXT-HED-17,SONY C1,Head Phone,Head Phone,Head phone with mick,1,,,,,,,,17,,,Laptop/Headphone Master,,,Sheet2,33,duplicate merged from Headphone Details row 21,not_checked,,,
HW-10B308D7B4,NXT-HED-18,SONY C1,Head Phone,Head Phone,Head phone with mick,1,,,,,,,,18,,,Laptop/Headphone Master,,,Sheet2,34,duplicate merged from Headphone Details row 22,not_checked,,,
HW-EF284FE46B,NXT-HED-19,SONY C1,Head Phone,Head Phone,Head phone with mick,1,,,,,,,,19,,,Laptop/Headphone Master,,,Sheet2,35,duplicate merged from Headphone Details row 23,not_checked,,,
HW-3049B93ECD,NXT-HED-20,RAZER Z1,Head Phone,Head Phone,Black Head phone with mick,1,,,,,,,,20,,,Laptop/Headphone Master,,,Sheet2,36,duplicate merged from Headphone Details row 24,not_checked,,,
HW-5F41ED134C,NXT-HED-21,RAZER Z1,Head Phone,Head Phone,Black Head phone with mick,1,,,,,,,,21,,,Laptop/Headphone Master,,,Sheet2,37,duplicate merged from Headphone Details row 25,not_checked,,,
HW-92CF88335A,NXT-HED-22,RAZER Z1,Head Phone,Head Phone,Black Head phone with mick,1,,,,,,,,22,,,Laptop/Headphone Master,,,Sheet2,38,duplicate merged from Headphone Details row 26,not_checked,,,
HW-C6317ADFC2,NXT-HED-23,RAZER Z1,Head Phone,Head Phone,Black Head phone with mick,1,,,,,,,,23,,,Laptop/Headphone Master,,,Sheet2,39,duplicate merged from Headphone Details row 27,not_checked,,,
HW-AD55B57AFC,NXT-HED-24,RAZER Z1,Head Phone,Head Phone,Black Head phone with mick,1,,,,,,,,24,,,Laptop/Headphone Master,,,Sheet2,40,duplicate merged from Headphone Details row 28,not_checked,,,
HW-BC7B631BFE,NXT-HED-25,RAZER Z1,Head Phone,Head Phone,Black Head phone with mick,1,,,,,,,,25,,,Laptop/Headphone Master,,,Sheet2,41,duplicate merged from Headphone Details row 29,not_checked,,,
HW-48CB490E38,NXT-HED-26,RAZER Z1,Head Phone,Head Phone,Black Head phone with mick,1,,,,,,,,26,,,Laptop/Headphone Master,,,Sheet2,42,duplicate merged from Headphone Details row 30,not_checked,,,
HW-B3F583B747,NXT-HED-27,RAZER Z1,Head Phone,Head Phone,Black Head phone with mick,1,,,,,,,,27,,,Laptop/Headphone Master,,,Sheet2,43,duplicate merged from Headphone Details row 31,not_checked,,,
HW-CC21C5126B,NXT-HED-28,RAZER Z1,Head Phone,Head Phone,Black Head phone with mick,1,,,,,,,,28,,,Laptop/Headphone Master,,,Sheet2,44,duplicate merged from Headphone Details row 32,not_checked,,,
HW-00608DA84F,NXT-HED-29,RAZER Z1,Head Phone,Head Phone,Black Head phone with mick,1,,,,,,,,29,,,Laptop/Headphone Master,,,Sheet2,45,duplicate merged from Headphone Details row 33,not_checked,,,
HW-8A5EAA2CB8,NXT-HED-30,RAZER Z1,Head Phone,Head Phone,Black Head phone with mick,1,,,,,,,,30,,,Laptop/Headphone Master,,,Sheet2,46,duplicate merged from Headphone Details row 34,not_checked,,,
HW-0F16972B05,NXT-HED-31,RAZER Z1,Head Phone,Head Phone,Black Head phone with mick,1,,,,,,,,31,,,Laptop/Headphone Master,,,Sheet2,47,duplicate merged from Headphone Details row 35,not_checked,,,
HW-BFD77504AC,NXT-HED-32,RAZER Z1,Head Phone,Head Phone,Black Head phone with mick,1,,,,,,,,32,,,Laptop/Headphone Master,,,Sheet2,48,duplicate merged from Headphone Details row 36,not_checked,,,
HW-6E8AE019A3,NXT-HED-33,RAZER Z1,Head Phone,Head Phone,Black Head phone with mick,1,,,,,,,,33,,,Laptop/Headphone Master,,,Sheet2,49,duplicate merged from Headphone Details row 37,not_checked,,,
HW-9E1B1E54BA,NXT-HED-34,RAZER Z1,Head Phone,Head Phone,Black Head phone with mick,1,,,,,,,,34,,,Laptop/Headphone Master,,,Sheet2,50,duplicate merged from Headphone Details row 38,not_checked,,,
HW-7F3A622D4E,NXT-HED-35,RAZER Z1,Head Phone,Head Phone,Black Head phone with mick,1,,,,,,,,35,,,Laptop/Headphone Master,,,Sheet2,51,duplicate merged from Headphone Details row 39,not_checked,,,
HW-0C0D9CDA1B,NXT-HED-36,RAZER Z1,Head Phone,Head Phone,Black Head phone with mick,1,,,,,,,,36,,,Laptop/Headphone Master,,,Sheet2,52,duplicate merged from Headphone Details row 40,not_checked,,,
HW-CAABF9D71A,NXT-HED-37,RAZER Z1,Head Phone,Head Phone,Black Head phone with mick,1,,,,,,,,37,,,Laptop/Headphone Master,,,Sheet2,53,duplicate merged from Headphone Details row 41,not_checked,,,
HW-D46EC6A43A,NXT-HED-38,RAZER Z1,Head Phone,Head Phone,Black Head phone with mick,1,,,,,,,,38,,,Laptop/Headphone Master,,,Sheet2,54,duplicate merged from Headphone Details row 42,not_checked,,,
HW-B11FAC1062,NXT-HED-39,RAZER Z1,Head Phone,Head Phone,Black Head phone with mick,1,,,,,,,,39,,,Laptop/Headphone Master,,,Sheet2,55,duplicate merged from Headphone Details row 43,not_checked,,,
HW-CC38C68990,NXT-HED-40,RAZER Z1,Head Phone,Head Phone,Black Head phone with mick,1,,,,,,,,40,,,Laptop/Headphone Master,,,Sheet2,56,duplicate merged from Headphone Details row 44,not_checked,,,
HW-256DB5A646,NXT-HED-41,RAZER Z1,Head Phone,Head Phone,Black Head phone with mick,1,,,,,,,,41,,,Laptop/Headphone Master,,,Sheet2,57,duplicate merged from Headphone Details row 45,not_checked,,,
HW-7AD8B02020,NXT-HED-42,RAZER Z1,Head Phone,Head Phone,Black Head phone with mick,1,,,,,,,,42,,,Laptop/Headphone Master,,,Sheet2,58,duplicate merged from Headphone Details row 46,not_checked,,,
HW-EB33706437,NXT-HED-43,RAZER Z1,Head Phone,Head Phone,Black Head phone with mick,1,,,,,,,,43,,,Laptop/Headphone Master,,,Sheet2,59,duplicate merged from Headphone Details row 47,not_checked,,,
HW-05437D03C0,,Router,Router,Router,TP Link Omada ER8411 (11 - port),1,,,,,,,,NA,,Sagar,Network Room 1,Working,,Network Room,7,,not_checked,,,
HW-46C9300E7E,,N/w Switch -24 port,N/w Switch -24 port,N/w Switch -24 port,D - Link Manageable,1,,,,,,,,NA,,Sagar,Network Room 1,Working,Stand by,Network Room,8,,not_checked,,,
HW-46C9300E7E,,N/w Switch -24 port,N/w Switch -24 port,N/w Switch -24 port,D - Link Manageable,1,,,,,,,,NA,,Sagar,Network Room 1,Working,Stand by,Network Room,9,,not_checked,,,
HW-15D849A14B,,N/w Switch -48 port,N/w Switch -48 port,N/w Switch -48 port,D - Link Manageable,1,,,,,,,,NA,,Sagar,Network Room 1,Working,,Network Room,10,,not_checked,,,
HW-91AFC7FDA1,,Network Rack,Network Rack,Network Rack,6-U rack with 2 fan with oatch pannel,1,,,,,,,,NA,,Sagar,Network Room 1,Working,,Network Room,11,,not_checked,,,
HW-91AFC7FDA1,,Network Rack,Network Rack,Network Rack,2-U rack with 1 fan,1,,,,,,,,NA,,Sagar,Network Room 1,Working,,Network Room,12,,not_checked,,,
HW-68B8E5564C,,PoE Switch,PoE Switch,PoE Switch,D link -PoE switch for camra,1,,,,,,,,NA,,Sagar,Network Room 1,Working,,Network Room,13,,not_checked,,,
HW-68B8E5564C,,PoE Switch,PoE Switch,PoE Switch,D link -PoE switch for camra,1,,,,,,,,NA,,Sagar,Network Room 1,Working,,Network Room,14,,not_checked,,,
HW-49912494BB,,NVR,NVR,NVR,Hikvision with Cable,1,,,,,,,,NA,,Sagar,Network Room 1,Working,,Network Room,15,,not_checked,,,
HW-2573E3E2C9,,Moniter for camara,Moniter for camara,Moniter for camara,Smsung 21'' monitor - with key board and mouse,1,,,,,,,,NA,,Sagar,Network Room 1,Working,,Network Room,16,,not_checked,,,
HW-E31455462C,,Calling unit,Calling unit,Calling unit,8-port central contol calling unit,1,,,,,,,,NA,,Sagar,Network Room 1,Working,,Network Room,17,,not_checked,,,
HW-85536A5C6A,,Airtel wifi router,Airtel wifi router,Airtel wifi router,Airtel Router,1,,,,,,,,NA,,Sagar,Network Room 1,Working,,Network Room,18,,not_checked,,,
HW-6EA52F6F2B,,Nayak Tecknlogy,Nayak Tecknlogy,Nayak Tecknlogy,Microtech,1,,,,,,,,NA,,Sagar,Network Room 1,Working,,Network Room,19,,not_checked,,,
HW-56C9839059,,LL Setup - Fiber net,LL Setup - Fiber net,LL Setup - Fiber net,Fiber patch panel with router,1,,,,,,,,NA,,Sagar,Network Room 1,Working,,Network Room,20,,not_checked,,,
HW-7CAAF72209,,2- Access point,2- Access point,2- Access point,TP Link wifi access point on Hall and conferens room,1,,,,,,,,NA,,Sagar,Network Room 1,Working,In working hall and in front of director room,Network Room,21,,not_checked,,,
HW-BFC5A2CC88,,Teliphone,Teliphone,Teliphone,Teliphone,1,,,,,,,,NA,,Sagar,Network Room 1,Working,,Network Room,22,,not_checked,,,
HW-05437D03C0,,Router,Router,Router,Tp Link (Extra - 8 port),1,,,,,,,,NA,,Sagar,Network Room 1,Standby,,Network Room,23,,not_checked,,,
HW-B2155F99F3,,Fiber cable manager,Fiber cable manager,Fiber cable manager,Local,1,,,,,,,,NA,,Sagar,Network Room 1,Working,,Network Room,24,,not_checked,,,
HW-B2155F99F3,,Fiber cable manager,Fiber cable manager,Fiber cable manager,D - Link,1,,,,,,,,NA,,Sagar,Network Room 1,Working,,Network Room,25,,not_checked,,,
HW-0714C902B6,,Network Room 2,Network Room 2,Network Room 2,,1,,,,,,,,,,,Network Room,,,Network Room,30,,not_checked,,,
HW-A0D2D0E84B,,D-link Switch -48 port,D-link Switch -48 port,D-link Switch -48 port,D - Link Manageable,1,,,,,,,,NA,,Sagar,Network Room 2,Working,,Network Room,33,,not_checked,,,
HW-E65A3BA2D0,,PoE Switch 8 Port,PoE Switch 8 Port,PoE Switch 8 Port,D - Link,1,,,,,,,,NA,,Sagar,Network Room 2,Working,,Network Room,34,,not_checked,,,
HW-E65A3BA2D0,,PoE Switch 8 Port,PoE Switch 8 Port,PoE Switch 8 Port,D - Link,1,,,,,,,,NA,,Sagar,Network Room 2,Working,,Network Room,35,,not_checked,,,
HW-91AFC7FDA1,,Network Rack,Network Rack,Network Rack,6-U rack with 2 fan with oatch pannel,1,,,,,,,,NA,,Sagar,Network Room 2,Working,,Network Room,36,,not_checked,,,
HW-91AFC7FDA1,,Network Rack,Network Rack,Network Rack,2-U rack with 1 fan,1,,,,,,,,NA,,Sagar,Network Room 2,Working,,Network Room,37,,not_checked,,,
HW-C6F689B4EE,,1- Access point,1- Access point,1- Access point,TP Link wifi access point on Hall and conferens room,1,,,,,,,,NA,,Sagar,Network Room 2,Working,,Network Room,38,,not_checked,,,
HW-BFC5A2CC88,,Teliphone,Teliphone,Teliphone,Teliphone,1,,,,,,,,NA,,Sagar,Network Room 2,Working,,Network Room,39,,not_checked,,,
HW-B2155F99F3,,Fiber cable manager,Fiber cable manager,Fiber cable manager,Local,1,,,,,,,,NA,,Sagar,Network Room 2,Working,,Network Room,40,,not_checked,,,
HW-3EA6F0251F,,Network Material,Network Material,Network Material,,1,,,,,,,,,,,Network Room,,,Network Room,45,,not_checked,,,
HW-5443C5EB03,,Switch 2,Switch 2,Switch 2,D- link 16 port,1,,,,,,,,NA,,Sagar,Support 1 + old teacher room,Working,,Network Room,48,,not_checked,,,
HW-74B947C6A9,,Switch,Switch,Switch,D- link 8 port,1,,,,,,,,NA,,Sagar,Network Room,Working,,Network Room,49,,not_checked,,,
HW-7F5CD8E6AC,,Extender Switch + WiFi,Extender Switch + WiFi,Extender Switch + WiFi,D- link 4 port,1,,,,,,,,NA,,Sagar,Network Room,Working,,Network Room,50,,not_checked,,,
HW-74B947C6A9,,Switch,Switch,Switch,D- link 4 port,1,,,,,,,,NA,,Sagar,Network Room,Working,,Network Room,51,,not_checked,,,
HW-ABB766A447,,Switch 3,Switch 3,Switch 3,D- link 8 port,1,,,,,,,,NA,,Sagar,Hall,Working,,Network Room,52,,not_checked,,,
HW-74B947C6A9,,Switch,Switch,Switch,D- link 4 port,1,,,,,,,,NA,,Sagar,Network Room,Working,,Network Room,53,,not_checked,,,
HW-CECC7BE4CB,,4U- rack,4U- rack,4U- rack,D- link,1,,,,,,,,NA,,Sagar,Network Room,Working,,Network Room,54,,not_checked,,,
HW-94B680E836,,POe switch 2,POe switch 2,POe switch 2,D- link,1,,,,,,,,NA,,Sagar,Network Room,Working,,Network Room,55,,not_checked,,,
HW-4ADF80C8FE,,WiFi  Router,WiFi  Router,WiFi  Router,-,1,,,,,,,,NA,,Sagar,Director Room,Working,,Network Room,56,,not_checked,,,
HW-465337DC59,,"TV 21""","TV 21""","TV 21""",Samsung,1,,,,,,,,NA,,Sagar,Network Room,Working,,Network Room,57,,not_checked,,,
HW-CECC7BE4CB,,4U- rack,4U- rack,4U- rack,D- link,1,,,,,,,,NA,,Sagar,Support 2,Working,,Network Room,58,,not_checked,,,
HW-74B947C6A9,,Switch,Switch,Switch,D- link 48 port,1,,,,,,,,NA,,Sagar,Network Room,Working,,Network Room,59,,not_checked,,,
HW-B2155F99F3,,Fiber cable manager,Fiber cable manager,Fiber cable manager,D- link,1,,,,,,,,NA,,Sagar,Network Room,Working,,Network Room,60,,not_checked,,,
HW-27D08E255E,,2U- rack,2U- rack,2U- rack,D- link,1,,,,,,,,NA,,Sagar,Network Room,Working,,Network Room,61,,not_checked,,,
HW-94B680E836,,POe switch 2,POe switch 2,POe switch 2,D- link,1,,,,,,,,NA,,Sagar,Network Room,Working,,Network Room,62,,not_checked,,,
HW-F2A9769DC1,Director,Mac PC,Mac PC,Mac PC,Mack,1,,,,,,,Director,NA,,,Director Room,working,,Director room,5,duplicate merged from Director room row 7; duplicate merged from Director room row 8; duplicate merged from Director room row 9; duplicate merged from Seminar hall  row 6; duplicate merged from Seminar hall  row 7; duplicate merged from Seminar hall  row 8,not_checked,,,
HW-A069687617,Sagar,Router,Router,Router,Tp Link 1 GBPS router,1,,,,,,,Sagar,NA,,,Director Room,working,,Director room,6,,not_checked,,,
HW-AFBAE2528B,,LAPTOP,LAPTOP,LAPTOP,i5 12 - 8 GB RAM - 500 GB SSD - windows 11 pro LIC,1,,,,,,,YTM1_Laptop_Shivam,0PKFGHK,PW,Chandrmauli,Laptop Detail,Working,,Laptop Detail,5,,not_checked,,,
HW-AC08421C52,,LAPTOP,LAPTOP,LAPTOP,i5 12 - 8 GB RAM - 500 GB SSD - windows 11 pro LIC,1,,,,,,,SHIVDEEP_LAPPTOP,9PRCGHK,PW,Shivdeep,Laptop Detail,Working,,Laptop Detail,6,,not_checked,,,
HW-7297C381AC,,LAPTOP,LAPTOP,LAPTOP,i7 10 Gen -16 GB RAM - 500 GB SSD - 4 GB NVDI Grafhic - Window 11 Pro LIC,1,,,,,,,HR02_Laptop_Hrshini,15mh05,,Hrshini,Laptop Detail,Working,,Laptop Detail,7,,not_checked,,,
HW-DE4242A83A,,LAPTOP,LAPTOP,LAPTOP,AMD Ryzen 7 8840HX with Radeon Graphics - 16 GB RAM - 1 TB SSD windows 11 pro LIC,1,,,,,,,DESIGNER1_HARSHINI_LAPTOP,178BFBFF00A60F12,,Hrshini,Laptop Detail,Working,,Laptop Detail,8,,not_checked,,,
HW-84E4F64620,,LAPTOP,LAPTOP,LAPTOP,AMD Ryzen 9 8940HX with Radeon Graphics - 16 GB RAM - 1 TB SSD windows 11 pro LIC,1,,,,,,,DESIGNER3_LAPTOP_BHAVESH,178BFBFF00A60F12,,Bhavesh,Laptop Detail,Working,,Laptop Detail,9,,not_checked,,,
HW-55168B1E54,,LAPTOP,LAPTOP,LAPTOP,i7 12 Gen - 16 GB RAM -500 GB SSD - 4 GB NVDI Graphic card -Windows 11 Pro LIC,1,,,,,,,IT1_Laptop,BE0C0E5,,Sagar,Laptop Detail,Working,,Laptop Detail,10,,not_checked,,,
HW-6542A0F81C,,LAPTOP,LAPTOP,LAPTOP,Rizen3,1,,,,,,,SSM5_Laptop,CEDU0F5,,Ankit,Laptop Detail,Working,,Laptop Detail,11,,not_checked,,,
HW-CB8DD28EDA,,LAPTOP,LAPTOP,LAPTOP,i5 12 - 8 GB RAM - 500 GB SSD - windows 11 pro LIC,1,,,,,,,-,5SDODKP,PW,Akshay,Laptop Detail,Working,,Laptop Detail,12,,not_checked,,,
HW-E986F67400,,LAPTOP,LAPTOP,LAPTOP,i5 12 - 8 GB RAM - 500 GB SSD - windows 11 pro LIC,1,,,,,,,HR01_Laptop_Ayushi,6PRBCOS,PW,Ayushi HR,Laptop Detail,Working,,Laptop Detail,13,,not_checked,,,
HW-F3C53A21DC,,LAPTOP,LAPTOP,LAPTOP,ultr i9 -64GBRAM- 2 TB SSD - NVDI RTX 4080 - windows 10 Pro LOC,1,,,,,,,EDITOR2_LAPTOP_VEER,BE0C1D4,,veer,Laptop Detail,Working,,Laptop Detail,14,,not_checked,,,
HW-31EC2B170C,,LAPTOP,LAPTOP,LAPTOP,AMD Radeon(TM) 610M + NVIDIA GeForce RTX 5070 Laptop GPU,1,,,,,,,EDITOR4_LAPTOP_JATIN,11,,Jatin,Laptop Detail,Working,,Laptop Detail,15,,not_checked,,,
HW-ACB5F110E1,,LAPTOP,LAPTOP,LAPTOP,i5 12 - 16 GB RAM - 500 GB SSD - 4 GB NVDI Graphic - windows 11 pro LiC,1,,,,,,,CONTENT2_LAPTOP_POOJA,C5B206,PW,Pooja,Laptop Detail,Working,,Laptop Detail,16,,not_checked,,,
HW-A2F3913B3E,,LAPTOP,LAPTOP,LAPTOP,i5 13th Gen - 16 GB RAM - 500 GB SSD - 4 GB NVDI Graphic - windows 11 pro LIC,1,,,,,,,CONTENT3_PC_VIVEK,BFEBFBFF000B06A2,,Vivek,Laptop Detail,Working,,Laptop Detail,17,,not_checked,,,
HW-0D813680DB,,LAPTOP,LAPTOP,LAPTOP,i5 13 - 16 GB RAM - 500 GB SSD - 4 GB NVDI Graphic - windows 11 pro LIC,1,,,,,,,CONTENT4_LAPTOP_SHWETA,14,,Shweta,Laptop Detail,Working,,Laptop Detail,18,,not_checked,,,
HW-59B1CEDA2F,,LAPTOP,LAPTOP,LAPTOP,i7 12 Gen - 16 GB RAM -500 GB SSD - 4 GB NVDI Graphic card -Windows 11 Pro LIC,1,,,,,,,CONTENT5_LAPTOP_SAHIL,BE0C0E3,PW,Shail Uike,Laptop Detail,Working,,Laptop Detail,19,,not_checked,,,
HW-D925A7A56E,,LAPTOP,LAPTOP,LAPTOP,i5 12 - 8 GB RAM - 500 GB SSD - windows 11 pro LIC,1,,,,,,,Support_TL1,CK5FHJD,PW,Harshita,Laptop Detail,Working,,Laptop Detail,20,,not_checked,,,
HW-BF4BEAA052,,LAPTOP,LAPTOP,LAPTOP,i5 12 - 8 GB RAM - 500 GB SSD - windows 11 pro LIC,1,,,,,,,Content,BE0C0g5,,Content,Laptop Detail,Working,,Laptop Detail,21,duplicate merged from Laptop Detail row 22,not_checked,,,
HW-03B32C2297,,LAPTOP,LAPTOP,LAPTOP,i5 12 - 16 GB RAM - 500 GB SSD - 4 GB NVDI Graphic - windows 11 pro LIC,1,,,,,,,-,19,,Indore,Laptop Detail,Working,,Laptop Detail,23,,not_checked,,,
HW-27E7FD32A3,,LAPTOP,LAPTOP,LAPTOP,i5 12 - 16 GB RAM - 500 GB SSD - 4 GB NVDI Graphic - windows 11 pro LiC,1,,,,,,,-,C5B289,PW,Suyash,Laptop Detail,Working,,Laptop Detail,24,,not_checked,,,
HW-126DCAD243,,LAPTOP,LAPTOP,LAPTOP,i7 12 Gen - 16 GB RAM -500 GB SSD - 4 GB NVDI Graphic card -Windows 11 Pro LIC,1,,,,,,,-,BE0C0E3,PW,Bhawani,Laptop Detail,Working,,Laptop Detail,25,,not_checked,,,
HW-8DF29A8762,,LAPTOP,LAPTOP,LAPTOP,-,1,,,,,,,-,-,-,Vinti,Laptop Detail,-,,Laptop Detail,26,,not_checked,,,
HW-8DF29A8762,,LAPTOP,LAPTOP,LAPTOP,-,1,,,,,,,-,-,-,Digraj sir,Laptop Detail,-,,Laptop Detail,27,,not_checked,,,
HW-8DF29A8762,,LAPTOP,LAPTOP,LAPTOP,-,1,,,,,,,-,-,-,Digraj sir,Laptop Detail,-,,Laptop Detail,28,,not_checked,,,
HW-8DF29A8762,,LAPTOP,LAPTOP,LAPTOP,-,1,,,,,,,-,-,-,Digraj sir,Laptop Detail,-,,Laptop Detail,29,,not_checked,,,
HW-8DF29A8762,,LAPTOP,LAPTOP,LAPTOP,-,1,,,,,,,-,-,-,Digraj sir,Laptop Detail,-,,Laptop Detail,30,,not_checked,,,
HW-C093B430B2,,Moniter Information,Moniter Information,Moniter Information,,1,,,,,,,,,,,Laptop Detail,,,Laptop Detail,34,,not_checked,,,
HW-C8E631B641,,32'' 4k moniter for laptop display,32'' 4k moniter for laptop display,32'' 4k moniter for laptop display,ETBBS00964019,1,,,,,,,DESIGNER1_HARSHINI_LAPTOP,Working,,Harshini,Laptop Detail,PW Vendor,,Laptop Detail,37,,not_checked,,,
HW-E3E6E24B42,,32'' 4k moniter for laptop display,32'' 4k moniter for laptop display,32'' 4k moniter for laptop display,ETN7S02178019,1,,,,,,,DESIGNER3_LAPTOP_BHAVESH,Working,,Bhavesh,Laptop Detail,PW Vendor,,Laptop Detail,38,,not_checked,,,
HW-F772265F4D,,"Samsung 32""","Samsung 32""","Samsung 32""",0E5KHNTY900196R,1,,,,,,,Server Moniter,Working,,Sagar,Laptop Detail,PW Vendor,,Laptop Detail,39,,not_checked,,,
HW-AAD58752DD,,32'' 4k moniter for laptop display,32'' 4k moniter for laptop display,32'' 4k moniter for laptop display,ETN7S02461019,1,,,,,,,EDITOR2_Laptop_Veer,Working,,Veer,Laptop Detail,PW Vendor,,Laptop Detail,40,,not_checked,,,
HW-CE3610AB58,,32'' 4k moniter for laptop display,32'' 4k moniter for laptop display,32'' 4k moniter for laptop display,ETK6S00467019,1,,,,,,,EDITOR4_LAPTOP_JATIN,Working,,Jatin,Laptop Detail,PW Vendor,,Laptop Detail,41,,not_checked,,,
HW-2BF74B65B7,,32'' 4k moniter for laptop display,32'' 4k moniter for laptop display,32'' 4k moniter for laptop display,ETN7S02180019,1,,,,,,,CONTENT2_LAPTOP_POOJA,Working,,Pooja,Laptop Detail,PW Vendor,,Laptop Detail,42,,not_checked,,,
HW-15FFB6A689,,32'' 4k moniter for laptop display,32'' 4k moniter for laptop display,32'' 4k moniter for laptop display,ETN7S02370019,1,,,,,,,CONTENT3_PC_VIVEK,Working,,Vivek,Laptop Detail,PW Vendor,,Laptop Detail,43,,not_checked,,,
HW-46F01A027B,,32'' 4k moniter for laptop display,32'' 4k moniter for laptop display,32'' 4k moniter for laptop display,ETK6S00253019,1,,,,,,,CONTENT4_LAPTOP_SHWETA,Working,,Shweta,Laptop Detail,PW Vendor,,Laptop Detail,44,,not_checked,,,
HW-CBF96B3B0A,,32'' 4k moniter for laptop display,32'' 4k moniter for laptop display,32'' 4k moniter for laptop display,ETRAR00173019,1,,,,,,,CONTENT5_LAPTOP_SAHIL,Working,,Sahil,Laptop Detail,PW Vendor,,Laptop Detail,45,,not_checked,,,
HW-0307A3489C,,"i3 9gen - 8 Gb Ram - 256 GB SSD-Win 11 Pro LTS 64 bit os , keyboard , Mouse , Headphone","i3 9gen - 8 Gb Ram - 256 GB SSD-Win 11 Pro LTS 64 bit os , keyboard , Mouse , Headphone","i3 9gen - 8 Gb Ram - 256 GB SSD-Win 11 Pro LTS 64 bit os , keyboard , Mouse , Headphone",,1,,,,,,,SSM1_PC,BFEBFBFF000906EB,PW Vendor,-,Working Hall,Working,,Hall Details,5,,not_checked,,,
HW-80339AB3D0,,"i3 9gen - 8 Gb Ram - 256 GB SSD-Win 11 Pro LTS 64 bit os , keyboard , Mouse , Headphone","i3 9gen - 8 Gb Ram - 256 GB SSD-Win 11 Pro LTS 64 bit os , keyboard , Mouse , Headphone","i3 9gen - 8 Gb Ram - 256 GB SSD-Win 11 Pro LTS 64 bit os , keyboard , Mouse , Headphone",,1,,,,,,,SSM2_PC,BFEBFBFF000906EB,PW Vendor,-,Working Hall,Working,,Hall Details,6,,not_checked,,,
HW-86110A329D,,"i3 9gen - 8 Gb Ram - 256 GB SSD-Win 11 Pro LTS 64 bit os , keyboard , Mouse , Headphone","i3 9gen - 8 Gb Ram - 256 GB SSD-Win 11 Pro LTS 64 bit os , keyboard , Mouse , Headphone","i3 9gen - 8 Gb Ram - 256 GB SSD-Win 11 Pro LTS 64 bit os , keyboard , Mouse , Headphone",,1,,,,,,,SSM3_PC,BFEBFBFF000906EB,PW Vendor,-,Working Hall,Working,,Hall Details,7,,not_checked,,,
HW-5E77A72759,,"Laptop ,Headphone","Laptop ,Headphone","Laptop ,Headphone",,1,,,,,,,YTM1_Laptop_Shivam,NA,PW Vendor,Shivam  sir,Working Hall,Working,,Hall Details,8,,not_checked,,,
HW-CFC3BE2256,,"Personal Laptop , Headphone","Personal Laptop , Headphone","Personal Laptop , Headphone",,1,,,,,,,Priyanka Ma'am,NA,PW Vendor,Priyanka Ma'am,Working Hall,Working,,Hall Details,9,,not_checked,,,
HW-733A2A5921,,"Laptop, Headphone","Laptop, Headphone","Laptop, Headphone",,1,,,,,,,SHIVDEEP_LAPPTOP,NA,PW Vendor,Shivdeep,Working Hall,Working,,Hall Details,10,,not_checked,,,
HW-F83A035835,,"Laptop, Headphone","Laptop, Headphone","Laptop, Headphone",,1,,,,,,,DESIGNER1_HARSHINI_LAPTOP,NA,PW Vendor,Harshini,Working Hall,Working,,Hall Details,11,,not_checked,,,
HW-57F63FF5FE,,"i7-14700K, 64 GB RAM 16 GB Grafics NVDIA 5060RTX 16 GB 2 tb ssd, keyboard , Mouse , Headphone","i7-14700K, 64 GB RAM 16 GB Grafics NVDIA 5060RTX 16 GB 2 tb ssd, keyboard , Mouse , Headphone","i7-14700K, 64 GB RAM 16 GB Grafics NVDIA 5060RTX 16 GB 2 tb ssd, keyboard , Mouse , Headphone",,1,,,,,,,DESIGNER2_PC_PAWAN,MS-7D88,PW Vendor,Pawan,Working Hall,Working,,Hall Details,12,,not_checked,,,
HW-B3D50A1690,,"AMD Radeon(TM) 610M + NVIDIA GeForce RTX 5070 Ti Laptop GPU, 16 GB RAM, 512 GB SSD, Kkeyboard , Mouse ,Headphone","AMD Radeon(TM) 610M + NVIDIA GeForce RTX 5070 Ti Laptop GPU, 16 GB RAM, 512 GB SSD, Kkeyboard , Mouse ,Headphone","AMD Radeon(TM) 610M + NVIDIA GeForce RTX 5070 Ti Laptop GPU, 16 GB RAM, 512 GB SSD, Kkeyboard , Mouse ,Headphone",,1,,,,,,,DESIGNER3_LAPTOP_BHAVESH,178BFBFF00A60F12,PW Vendor,Bhavesh,Working Hall,Working,,Hall Details,13,,not_checked,,,
HW-EFFCB96D4E,,"i5 14 Gen -32GB RAM - 1TB SSD - 8 GB Graphic card  NVDI - key board,mouse -Windows 11 genuan windows","i5 14 Gen -32GB RAM - 1TB SSD - 8 GB Graphic card  NVDI - key board,mouse -Windows 11 genuan windows","i5 14 Gen -32GB RAM - 1TB SSD - 8 GB Graphic card  NVDI - key board,mouse -Windows 11 genuan windows",,1,,,,,,,Server,81GFCN5,PW Vendor,Sagar,Working Hall,Working,,Hall Details,14,,not_checked,,,
HW-4E9535378B,,"i7 12th Gen Intel(R) Core(TM) -12650H (2.30 GHz) 16  GB RAM -512 SSD , Mouse , Headphone","i7 12th Gen Intel(R) Core(TM) -12650H (2.30 GHz) 16  GB RAM -512 SSD , Mouse , Headphone","i7 12th Gen Intel(R) Core(TM) -12650H (2.30 GHz) 16  GB RAM -512 SSD , Mouse , Headphone",,1,,,,,,,IT1_Laptop,K204N0107829,PW Vendor,Sagar,Working Hall,Working,,Hall Details,15,,not_checked,,,
HW-F444007126,,HP ink zet wifi printer scaner,HP ink zet wifi printer scaner,HP ink zet wifi printer scaner,,1,,,,,,,Printer,NA,PW Vendor,Sagar IT Manager,Working Hall,Working,,Hall Details,16,,not_checked,,,
HW-1FB0F8E08E,,"i3 9gen - 8 Gb Ram - 256 GB SSD-Ubuntu 24.04.4 LTS 64 bit os , Keyboard , Mouse , Headphone","i3 9gen - 8 Gb Ram - 256 GB SSD-Ubuntu 24.04.4 LTS 64 bit os , Keyboard , Mouse , Headphone","i3 9gen - 8 Gb Ram - 256 GB SSD-Ubuntu 24.04.4 LTS 64 bit os , Keyboard , Mouse , Headphone",,1,,,,,,,IT2_PC,02239M,PW Vendor,Hariom IT,Working Hall,Working,,Hall Details,17,,not_checked,,,
HW-F9B440EFCA,,"Rizen3 , Headphone","Rizen3 , Headphone","Rizen3 , Headphone",,1,,,,,,,HP,CEDU0F5,PW Vendor,Ankit,Working Hall,Working,,Hall Details,18,,not_checked,,,
HW-F719727871,,"i5 12 - 8 GB RAM - 500 GB SSD - windows 11 pro LIC, Headphone","i5 12 - 8 GB RAM - 500 GB SSD - windows 11 pro LIC, Headphone","i5 12 - 8 GB RAM - 500 GB SSD - windows 11 pro LIC, Headphone",,1,,,,,,,Lenovo,5SDODKP,PW Vendor,Akshay,Working Hall,Working,,Hall Details,19,duplicate merged from Hall Details row 20,not_checked,,,
HW-D6C5CE7609,,Teliphone,Teliphone,Teliphone,,1,,,,,,,Teliphone,NA,PW Vendor,Ayushi HR,Working Hall,Working,,Hall Details,21,,not_checked,,,
HW-4DEC91789A,,"i9-14900K, 64 GB RAM, 2 tb ssd ,16 GB NVDI 5060wi, Keyboard , Mouse , Headphone , Trypod , RGB Light","i9-14900K, 64 GB RAM, 2 tb ssd ,16 GB NVDI 5060wi, Keyboard , Mouse , Headphone , Trypod , RGB Light","i9-14900K, 64 GB RAM, 2 tb ssd ,16 GB NVDI 5060wi, Keyboard , Mouse , Headphone , Trypod , RGB Light",,1,,,,,,,EDITOR1_PC_ROHAN,F166VV9,PW Vendor,Rohan,Working Hall,Working,,Hall Details,22,,not_checked,,,
HW-9069FD90EB,,"ultr i9 -64GBRAM- 2 TB SSD - NVDI RTX 4080 - windows 11 Pro, Keyboard , Mouse , Headphone","ultr i9 -64GBRAM- 2 TB SSD - NVDI RTX 4080 - windows 11 Pro, Keyboard , Mouse , Headphone","ultr i9 -64GBRAM- 2 TB SSD - NVDI RTX 4080 - windows 11 Pro, Keyboard , Mouse , Headphone",,1,,,,,,,EDITOR2_Laptop_Veer,BE0C1D4,PW Vendor,Veer,Working Hall,Working,,Hall Details,23,,not_checked,,,
HW-D478EB1D65,,"Intel(R) Graphics + NVIDIA GeForce RTX 5080 64GBRAM- 2 TB SSD, Keyboard , Mouse, Headphone","Intel(R) Graphics + NVIDIA GeForce RTX 5080 64GBRAM- 2 TB SSD, Keyboard , Mouse, Headphone","Intel(R) Graphics + NVIDIA GeForce RTX 5080 64GBRAM- 2 TB SSD, Keyboard , Mouse, Headphone",,1,,,,,,,EDITOR3_PC_VAIBHAV,BFEBFBFF000C0662,PW Vendor,Vaibhav,Working Hall,Working,,Hall Details,24,,not_checked,,,
HW-9787A55741,,"AMD Radeon(TM) 610M + NVIDIA GeForce RTX 5070 Laptop GPU 64GBRAM- 2 TB SSD, Keyboard , Mouse , Headphone","AMD Radeon(TM) 610M + NVIDIA GeForce RTX 5070 Laptop GPU 64GBRAM- 2 TB SSD, Keyboard , Mouse , Headphone","AMD Radeon(TM) 610M + NVIDIA GeForce RTX 5070 Laptop GPU 64GBRAM- 2 TB SSD, Keyboard , Mouse , Headphone",,1,,,,,,,EDITOR4_LAPTOP_JATIN,178BFBFF00A60F12,PW Vendor,Jatin,Working Hall,Working,,Hall Details,25,,not_checked,,,
HW-362A214F22,,"Intel(R)CoreUltra9285K, 64 GB Ram,16 GB NVDI 5080 1 TB, Keyboard , Mouse , Headphone","Intel(R)CoreUltra9285K, 64 GB Ram,16 GB NVDI 5080 1 TB, Keyboard , Mouse , Headphone","Intel(R)CoreUltra9285K, 64 GB Ram,16 GB NVDI 5080 1 TB, Keyboard , Mouse , Headphone",,1,,,,,,,EDITOR5_PC_ABHISHEK,F166VQ8,PW Vendor,Abhishek,Working Hall,Working,,Hall Details,26,,not_checked,,,
HW-CED1D22168,,"AMD Radeon(TM) Graphics + NVIDIA GeForce RTX 5070 64GBRAM- 2 TB SSD, Keyboard , Mouse , Headphone","AMD Radeon(TM) Graphics + NVIDIA GeForce RTX 5070 64GBRAM- 2 TB SSD, Keyboard , Mouse , Headphone","AMD Radeon(TM) Graphics + NVIDIA GeForce RTX 5070 64GBRAM- 2 TB SSD, Keyboard , Mouse , Headphone",,1,,,,,,,EDITOR6_PC_SONAL,178BFBFF00A60F12,PW Vendor,Sonal,Working Hall,Working,,Hall Details,27,,not_checked,,,
HW-DDB6D95755,,"AMD Radeon(TM) Graphics + NVIDIA GeForce RTX 5070 64GBRAM- 2 TB SSD, Keyboard , Mouse , Headphone","AMD Radeon(TM) Graphics + NVIDIA GeForce RTX 5070 64GBRAM- 2 TB SSD, Keyboard , Mouse , Headphone","AMD Radeon(TM) Graphics + NVIDIA GeForce RTX 5070 64GBRAM- 2 TB SSD, Keyboard , Mouse , Headphone",,1,,,,,,,EDITOR7_PC_PRANSHU,178BFBFF00A60F12,PW Vendor,Pranshu,Working Hall,Working,,Hall Details,28,,not_checked,,,
HW-4997529E32,,i5 12 Gen - 16 GB RAM - 1TB SSD - 8 GB Graphic NVDI RTX 3070- Key board mouse -Windows 11,i5 12 Gen - 16 GB RAM - 1TB SSD - 8 GB Graphic NVDI RTX 3070- Key board mouse -Windows 11,i5 12 Gen - 16 GB RAM - 1TB SSD - 8 GB Graphic NVDI RTX 3070- Key board mouse -Windows 11,,1,,,,,,,CONTENT1_PC_AKSHITA,-,PW Vendor,Akshita,Working Hall,Working,,Hall Details,29,,not_checked,,,
HW-104E615C80,,i5 12 Gen - 16 GB RAM - 1TB SSD - 2 GB Graphic NVDI -WIRELESS  Key board mouse -Windows 11 Creck windows,i5 12 Gen - 16 GB RAM - 1TB SSD - 2 GB Graphic NVDI -WIRELESS  Key board mouse -Windows 11 Creck windows,i5 12 Gen - 16 GB RAM - 1TB SSD - 2 GB Graphic NVDI -WIRELESS  Key board mouse -Windows 11 Creck windows,,1,,,,,,,CONTENT2_LAPTOP_POOJA,K20BUBH,Priyanka mam,Pooja,Working Hall,Working,,Hall Details,30,,not_checked,,,
HW-16B5F3FABB,,i5 12 Gen - 16 GB RAM - 1TB SSD - 8 GB Graphic NVDI RTX 3070- Key board mouse -Windows 11 windows,i5 12 Gen - 16 GB RAM - 1TB SSD - 8 GB Graphic NVDI RTX 3070- Key board mouse -Windows 11 windows,i5 12 Gen - 16 GB RAM - 1TB SSD - 8 GB Graphic NVDI RTX 3070- Key board mouse -Windows 11 windows,,1,,,,,,,CONTENT3_PC_VIVEK,MS7K56,PW Vendor,Vivek,Working Hall,Working,,Hall Details,31,,not_checked,,,
HW-75011F0B84,,i5 12 Gen - 16 GB RAM - 1TB SSD - 2 GB Graphic NVDI - Key board mouse -Windows 11 Creck windows,i5 12 Gen - 16 GB RAM - 1TB SSD - 2 GB Graphic NVDI - Key board mouse -Windows 11 Creck windows,i5 12 Gen - 16 GB RAM - 1TB SSD - 2 GB Graphic NVDI - Key board mouse -Windows 11 Creck windows,,1,,,,,,,CONTENT4_LAPTOP_SHWETA,T86V4DL,Priyanka mam,Shweta,Working Hall,Working,,Hall Details,32,,not_checked,,,
HW-31CD5E164F,,i5 12 Gen - 16 GB RAM - 1TB SSD - 2 GB Graphic NVDI - Key board mouse -Windows 11 Creck windows,i5 12 Gen - 16 GB RAM - 1TB SSD - 2 GB Graphic NVDI - Key board mouse -Windows 11 Creck windows,i5 12 Gen - 16 GB RAM - 1TB SSD - 2 GB Graphic NVDI - Key board mouse -Windows 11 Creck windows,,1,,,,,,,CONTENT5_LAPTOP_SAHIL,BFEBFBFF000906A3,Priyanka mam,Sahil,Working Hall,Working,,Hall Details,33,,not_checked,,,
HW-250D68C72E,,"i5 12th Gen Intel(R) Core(TM) -12400F 16 GB RAM - 1TB SSD - 2 GB Graphic NVD - Keyboard , Mouse , Headphone","i5 12th Gen Intel(R) Core(TM) -12400F 16 GB RAM - 1TB SSD - 2 GB Graphic NVD - Keyboard , Mouse , Headphone","i5 12th Gen Intel(R) Core(TM) -12400F 16 GB RAM - 1TB SSD - 2 GB Graphic NVD - Keyboard , Mouse , Headphone",,1,,,,,,,CONTENT6_PC_LAKSHYA,BFEBFBFF00090675,Priyanka mam,Lakshya,Working Hall,Working,,Hall Details,34,,not_checked,,,
HW-6B25E0A92D,,"i5 12th Gen Intel(R) Core(TM) -12400F 16 GB RAM - 512 SSD - 2 GB Graphic NVD - Keyboard , Mouse , Headphone","i5 12th Gen Intel(R) Core(TM) -12400F 16 GB RAM - 512 SSD - 2 GB Graphic NVD - Keyboard , Mouse , Headphone","i5 12th Gen Intel(R) Core(TM) -12400F 16 GB RAM - 512 SSD - 2 GB Graphic NVD - Keyboard , Mouse , Headphone",,1,,,,,,,CONTENT7_PC_RAJVEER,BFEBFBFF00090675,Priyanka mam,Rajveer,Working Hall,Working,,Hall Details,35,,not_checked,,,
HW-3DEF6438B0,,i5 12 Gen - 16 GB RAM - 1TB SSD - 4 GB Graphic NVDI - Key board mouse -Windows 11 genuan windows,i5 12 Gen - 16 GB RAM - 1TB SSD - 4 GB Graphic NVDI - Key board mouse -Windows 11 genuan windows,i5 12 Gen - 16 GB RAM - 1TB SSD - 4 GB Graphic NVDI - Key board mouse -Windows 11 genuan windows,,1,,,,,,,CONTENT8_PC_VISHNUPRIYRA,L8LEVAD,PW Vendor,Vishnupriya,Working Hall,Working,,Hall Details,36,,not_checked,,,
HW-00048194C1,,i5 12 Gen - 16 GB RAM - 1TB SSD - 2 GB Graphic NVDI - Key board mouse -Windows 11 Creck windows,i5 12 Gen - 16 GB RAM - 1TB SSD - 2 GB Graphic NVDI - Key board mouse -Windows 11 Creck windows,i5 12 Gen - 16 GB RAM - 1TB SSD - 2 GB Graphic NVDI - Key board mouse -Windows 11 Creck windows,,1,,,,,,,CONTENT9_PC_KAVITA,MS7D48,Priyanka mam,Kavita,Working Hall,Working,,Hall Details,37,,not_checked,,,
HW-6E3983E2D0,,"i5 12 - 8 GB RAM - 500 GB SSD - windows 11 pro LIC, Headphone","i5 12 - 8 GB RAM - 500 GB SSD - windows 11 pro LIC, Headphone","i5 12 - 8 GB RAM - 500 GB SSD - windows 11 pro LIC, Headphone",,1,,,,,,,Support_TL1,CK5FHJD,PW,Harshita LAPTOP,Working Hall,Working,,Hall Details,38,,not_checked,,,
HW-9FF873F421,,Moniter Information,Moniter Information,Moniter Information,,1,,,,,,,,,,,Hall Details,,,Hall Details,44,,not_checked,,,
HW-AEDBF4199F,,Samsung 21'',Samsung 21'',Samsung 21'',,1,,,,,,,SSM1_PC,0WLZHNAY306805Y,PW,-,Working Hall,Working,,Hall Details,47,,not_checked,,,
HW-063A358531,,Samsung 21'',Samsung 21'',Samsung 21'',,1,,,,,,,SSM2_PC,PB9H185C04634,PW,-,Working Hall,Working,,Hall Details,48,,not_checked,,,
HW-8263911285,,Samsung 21'',Samsung 21'',Samsung 21'',,1,,,,,,,SSM3_PC,0WPKHNAY405807N,PW,-,Working Hall,Working,,Hall Details,49,,not_checked,,,
HW-C2EC650962,,32''- Benq -HRD - 4k,32''- Benq -HRD - 4k,32''- Benq -HRD - 4k,,1,,,,,,,DESIGNER1_HARSHINI_LAPTOP,ETBBS00964019,PW,Harshini,Working Hall,Working,,Hall Details,50,,not_checked,,,
HW-24B6B4A244,,32''- Benq -HRD - 4k,32''- Benq -HRD - 4k,32''- Benq -HRD - 4k,,1,,,,,,,DESIGNER2_PC_PAWAN,ET86R05204019,PW,Pawan,Working Hall,Working,,Hall Details,51,,not_checked,,,
HW-FBD8E86575,,32''- Benq -HRD - 4k,32''- Benq -HRD - 4k,32''- Benq -HRD - 4k,,1,,,,,,,DESIGNER3_LAPTOP_BHAVESH,ETN7S02178019,PW,Bhavesh,Working Hall,Working,,Hall Details,52,,not_checked,,,
HW-174ECD076D,,"Samsung 32""","Samsung 32""","Samsung 32""",,1,,,,,,,Server,0E5KHNTY900196R,PW,Sagar IT Manager,Working Hall,Working,,Hall Details,53,,not_checked,,,
HW-BE17066A02,,MSI 21'',MSI 21'',MSI 21'',,1,,,,,,,IT2_PC,PB9H185C04492,PW,Hariom IT,Working Hall,Working,,Hall Details,54,,not_checked,,,
HW-28E3DA1363,,32''- Benq -HRD - 4k,32''- Benq -HRD - 4k,32''- Benq -HRD - 4k,,1,,,,,,,EDITOR1_PC_ROHAN,PD3205U,PW,Rohan,Working Hall,Working,,Hall Details,55,,not_checked,,,
HW-E49A61E91F,,32''- Benq -HRD - 4k,32''- Benq -HRD - 4k,32''- Benq -HRD - 4k,,1,,,,,,,EDITOR2_Laptop_Veer,ETN7S02461019,PW,Veer,Working Hall,Working,,Hall Details,56,,not_checked,,,
HW-66CD8A3554,,32''- Benq -HRD - 4k,32''- Benq -HRD - 4k,32''- Benq -HRD - 4k,,1,,,,,,,EDITOR3_PC_VAIBHAV,ETK6S00292019,PW,Vaibhav,Working Hall,Working,,Hall Details,57,,not_checked,,,
HW-3C2FF1B67B,,32''- Benq -HRD - 4k,32''- Benq -HRD - 4k,32''- Benq -HRD - 4k,,1,,,,,,,EDITOR4_LAPTOP_JATIN,ETK6S00467019,PW,Jatin,Working Hall,Working,,Hall Details,58,,not_checked,,,
HW-7B7F082619,,32''- Benq -HRD - 4k,32''- Benq -HRD - 4k,32''- Benq -HRD - 4k,,1,,,,,,,EDITOR5_PC_ABHISHEK,ETN7S02504019,PW,Abhishek,Working Hall,Working,,Hall Details,59,,not_checked,,,
HW-62F5BF6799,,32''- Benq -HRD - 4k,32''- Benq -HRD - 4k,32''- Benq -HRD - 4k,,1,,,,,,,EDITOR6_PC_SONAL,ET86R05178019,PW,Sonal,Working Hall,Working,,Hall Details,60,,not_checked,,,
HW-F3D7B68681,,32''- Benq -HRD - 4k,32''- Benq -HRD - 4k,32''- Benq -HRD - 4k,,1,,,,,,,EDITOR7_PC_PRANSHU,ETD1S00849019,PW,Pranshu,Working Hall,Working,,Hall Details,61,,not_checked,,,
HW-829D3AC2B3,,32''- Benq -HRD - 4k,32''- Benq -HRD - 4k,32''- Benq -HRD - 4k,,1,,,,,,,CONTENT1_PC_AKSHITA,ETB7R00047019,PW,Akshita,Working Hall,Working,,Hall Details,62,,not_checked,,,
HW-C3BD9CF307,,32''- Benq -HRD - 4k,32''- Benq -HRD - 4k,32''- Benq -HRD - 4k,,1,,,,,,,CONTENT2_LAPTOP_POOJA,ETN7S02180019,PW,Pooja,Working Hall,Working,,Hall Details,63,,not_checked,,,
HW-993AAC2C0E,,32''- Benq -HRD - 4k,32''- Benq -HRD - 4k,32''- Benq -HRD - 4k,,1,,,,,,,CONTENT3_PC_VIVEK,ETN7S02370019,PW,Vivek,Working Hall,Working,,Hall Details,64,,not_checked,,,
HW-4221134C3C,,32''- Benq -HRD - 4k,32''- Benq -HRD - 4k,32''- Benq -HRD - 4k,,1,,,,,,,CONTENT4_LAPTOP_SHWETA,ETK6S00253019,PW,Shweta,Working Hall,Working,,Hall Details,65,,not_checked,,,
HW-B135DEF9A9,,32''- Benq -HRD - 4k,32''- Benq -HRD - 4k,32''- Benq -HRD - 4k,,1,,,,,,,CONTENT5_LAPTOP_SAHIL,ETRAR00173019,PW,Sahil,Working Hall,Working,,Hall Details,66,,not_checked,,,
HW-D108EC64E5,,Lenovo,Lenovo,Lenovo,,1,,,,,,,CONTENT6_PC_LAKSHYA,URB7KMM5,PW,Lakshya,Working Hall,Working,,Hall Details,67,,not_checked,,,
HW-FE75156D03,,32''- Benq -HRD - 4k,32''- Benq -HRD - 4k,32''- Benq -HRD - 4k,,1,,,,,,,CONTENT7_PC_RAJVEER,ETK6S00498019,PW,Rajveer,Working Hall,Working,,Hall Details,68,,not_checked,,,
HW-C07A47206C,,Lenovo,Lenovo,Lenovo,,1,,,,,,,CONTENT8_PC_VISHNUPRIYRA,URB7KMH9,PW,Vishnupriya,Working Hall,Working,,Hall Details,69,,not_checked,,,
HW-F5FDAEDA30,,32''- Benq -HRD - 4k,32''- Benq -HRD - 4k,32''- Benq -HRD - 4k,,1,,,,,,,CONTENT9_PC_KAVITA,ETN7S02202019,PW,Kavita,Working Hall,Working,,Hall Details,70,,not_checked,,,
HW-18A8E43DB8,STU1_PC,CPU,CPU,CPU,"i5 14 Gen -32GB RAM - 1TB SSD - 8 GB Graphic card  NVDI - key board,mouse -Windows 11 genuan windows",1,,,,,,,STU1_PC,01NFVN5,PW Vendor,,Studio 1,Working,,Studios,8,duplicate merged from Studios row 9,not_checked,,,
HW-6688C82BCC,STU1_IFP,IFP,IFP,IFP,75''- Maxhub - Modle - u7530 - Android 12 - Windows cracked with cable,1,,,,,,,STU1_IFP,99240712000272,Smart Infovision,,Studio 1,Working,,Studios,10,duplicate merged from Studios row 15,not_checked,,,
HW-5E0C68230C,STU1_PTZ,Camara,Camara,Camara,Maxhub -4k wall mounted - with Cable,1,,,,,,,STU1_PTZ,NA,Smart Infovision,,Studio 1,Working,,Studios,11,,not_checked,,,
HW-17449B3A89,MIC,colure mic,colure mic,colure mic,Ahuza wired -,1,,,,,,,MIC,NA,Smart Infovision,,Studio 1,Working,,Studios,12,duplicate merged from Studios row 13; duplicate merged from Studios row 26; duplicate merged from Studios row 27; duplicate merged from Studios row 40; duplicate merged from Studios row 41; duplicate merged from Studios row 54; duplicate merged from Studios row 55; duplicate merged from Studios row 68; duplicate merged from Studios row 69; duplicate merged from Studios row 82; duplicate merged from Studios row 83; duplicate merged from Studios row 96; duplicate merged from Studios row 97; duplicate merged from Studios row 110; duplicate merged from Studios row 111; duplicate merged from Studios row 124; duplicate merged from Studios row 125; duplicate merged from Studios row 138; duplicate merged from Studios row 139; duplicate merged from Studios row 152; duplicate merged from Studios row 153; duplicate merged from Studios row 166; duplicate merged from Studios row 167,not_checked,,,
HW-6114E5529F,STU1_MIC,colure mic,colure mic,colure mic,Blutooth Mic - hollyland,1,,,,,,,STU1_MIC,NA,Online- Amezon,,Studio 1,Working,,Studios,14,,not_checked,,,
HW-AC62F79C7B,,Studio  2,Studio  2,Studio  2,,1,,,,,,,,,,,Studios,,,Studios,19,,not_checked,,,
HW-0C8A9FED24,STU2_PC,CPU,CPU,CPU,"i5 14 Gen -32GB RAM - 1TB SSD - 8 GB Graphic card  NVDI - key board,mouse -Windows 11 genuan windows",1,,,,,,,STU2_PC,VR6TR4F,PW Vendor,,Studio 2,Working,,Studios,22,duplicate merged from Studios row 23,not_checked,,,
HW-57B9BFD615,STU2_IFP,IFP,IFP,IFP,75''- Maxhub - Modle - u7530 - Android 12 - Windows cracked with cable,1,,,,,,,STU2_IFP,99240712000249,Smart Infovision,,Studio 2,Working,,Studios,24,duplicate merged from Studios row 29,not_checked,,,
HW-0781B1FA82,STU2_PTZ,Camara,Camara,Camara,Maxhub -4k wall mounted - with Cable,1,,,,,,,STU2_PTZ,NA,Smart Infovision,,Studio 2,Working,,Studios,25,,not_checked,,,
HW-090C962D61,STU2_MIC,colure mic,colure mic,colure mic,Blutooth Mic - hollyland,1,,,,,,,STU2_MIC,NA,Online- Amezon,,Studio 2,Working,,Studios,28,,not_checked,,,
HW-9AE97302A1,,Studio  3,Studio  3,Studio  3,,1,,,,,,,,,,,Studios,,,Studios,33,,not_checked,,,
HW-C4E6425F27,STU3_PC,CPU,CPU,CPU,"i5 14 Gen -32GB RAM - 1TB SSD - 8 GB Graphic card  NVDI - key board,mouse -Windows 11 genuan windows",1,,,,,,,STU3_PC,TR6VR5X,PW Vendor,,Studio 3,Working,,Studios,36,duplicate merged from Studios row 37,not_checked,,,
HW-085170DD00,STU3_IFP,IFP,IFP,IFP,75''- Maxhub - Modle - u7530 - Android 12 - Windows cracked with cable,1,,,,,,,STU3_IFP,99240712000253,Smart Infovision,,Studio 3,Working,,Studios,38,duplicate merged from Studios row 43,not_checked,,,
HW-B564D3CD77,STU3_PTZ,Camara,Camara,Camara,Maxhub -4k wall mounted - with Cable,1,,,,,,,STU3_PTZ,NA,Smart Infovision,,Studio 3,Working,,Studios,39,,not_checked,,,
HW-A74185455E,STU3_MIC,colure mic,colure mic,colure mic,Blutooth Mic - hollyland,1,,,,,,,STU3_MIC,NA,Online- Amezon,,Studio 3,Working,,Studios,42,,not_checked,,,
HW-2B4B06EBF1,,Studio  4,Studio  4,Studio  4,,1,,,,,,,,,,,Studios,,,Studios,47,,not_checked,,,
HW-AC952F5B8A,STU4_PC,CPU,CPU,CPU,"i5 14 Gen -32GB RAM - 1TB SSD - 8 GB Graphic card  NVDI - key board,mouse -Windows 11 genuan windows",1,,,,,,,STU4_PC,3NCEDU7,PW Vendor,,Studio 4,Working,,Studios,50,duplicate merged from Studios row 51,not_checked,,,
HW-1847CA7882,STU4_IFP,IFP,IFP,IFP,75''- Maxhub - Modle - u7530 - Android 12 - Windows cracked with cable,1,,,,,,,STU4_IFP,99240712000268,Smart Infovision,,Studio 4,Working,,Studios,52,duplicate merged from Studios row 57,not_checked,,,
HW-370465E40C,STU4_PTZ,Camara,Camara,Camara,Maxhub -4k wall mounted - with Cable,1,,,,,,,STU4_PTZ,NA,Smart Infovision,,Studio 4,Working,,Studios,53,,not_checked,,,
HW-F2197D8B69,STU4_MIC,colure mic,colure mic,colure mic,Blutooth Mic - hollyland,1,,,,,,,STU4_MIC,NA,Online- Amezon,,Studio 4,Working,,Studios,56,,not_checked,,,
HW-B7B7E33B22,,Studio  5,Studio  5,Studio  5,,1,,,,,,,,,,,Studios,,,Studios,61,,not_checked,,,
HW-334A56E724,STU5_PC,CPU,CPU,CPU,"i5 14 Gen -32GB RAM - 1TB SSD - 8 GB Graphic card  NVDI - key board,mouse -Windows 11 genuan windows",1,,,,,,,STU5_PC,G2T0LMK,PW Vendor,,Studio 5,Working,,Studios,64,duplicate merged from Studios row 65,not_checked,,,
HW-5C69DE921A,STU5_IFP,IFP,IFP,IFP,75''- Maxhub - Modle - u7530 - Android 12 - Windows cracked with cable,1,,,,,,,STU5_IFP,99240711000011,Smart Infovision,,Studio 5,Working,,Studios,66,duplicate merged from Studios row 71,not_checked,,,
HW-3F67B9E9C2,STU5_PTZ,Camara,Camara,Camara,Maxhub -4k wall mounted - with Cable,1,,,,,,,STU5_PTZ,NA,Smart Infovision,,Studio 5,Working,,Studios,67,,not_checked,,,
HW-0A8E57E703,STU5_MIC,colure mic,colure mic,colure mic,Blutooth Mic - hollyland,1,,,,,,,STU5_MIC,NA,Online- Amezon,,Studio 5,Working,,Studios,70,,not_checked,,,
HW-21DDD7D3F5,,Studio  6,Studio  6,Studio  6,,1,,,,,,,,,,,Studios,,,Studios,75,,not_checked,,,
HW-698A924E7D,STU6_PC,CPU,CPU,CPU,-,1,,,,,,,STU6_PC,-,-,,Studio 6,-,,Studios,78,duplicate merged from Studios row 79,not_checked,,,
HW-3470791FA7,STU6_IFP,IFP,IFP,IFP,-,1,,,,,,,STU6_IFP,-,-,,Studio 6,-,,Studios,80,duplicate merged from Studios row 85,not_checked,,,
HW-768B1D9FCB,STU6_PTZ,Camara,Camara,Camara,-,1,,,,,,,STU6_PTZ,-,-,,Studio 6,-,,Studios,81,,not_checked,,,
HW-395D73AC4C,STU6_MIC,colure mic,colure mic,colure mic,-,1,,,,,,,STU6_MIC,-,-,,Studio 6,-,,Studios,84,,not_checked,,,
HW-8453A98641,,Studio  7,Studio  7,Studio  7,,1,,,,,,,,,,,Studios,,,Studios,89,,not_checked,,,
HW-9B4FFA6723,STU7_PC,CPU,CPU,CPU,"AMD Reyzen 5 - 32 GB RAM - 1TB SSD - 8 GB Graphic card  NVDI - key board,mouse -Windows 11 genuan windows",1,,,,,,,STU7_PC,178BFBFF00A60F12,PW Vendor,,Studio 7,Working,,Studios,92,duplicate merged from Studios row 93,not_checked,,,
HW-F2E4101C42,STU7_IFP,IFP,IFP,IFP,75''- Senses - Android 12 - Windows cracked with cable,1,,,,,,,STU7_IFP,BFEBFBFF000906A3,Smart Infovision,,Studio 7,Working,,Studios,94,duplicate merged from Studios row 99,not_checked,,,
HW-AE3719A127,STU7_PTZ,Camara,Camara,Camara,AIWaft  -4k wall mounted - with Cable,1,,,,,,,STU7_PTZ,NA,Smart Infovision,,Studio 7,Working,,Studios,95,,not_checked,,,
HW-43132B923D,STU7_MIC,colure mic,colure mic,colure mic,Blutooth Mic - DJI,1,,,,,,,STU7_MIC,NA,Online- Amezon,,Studio 7,Working,,Studios,98,,not_checked,,,
HW-8360E0237D,,Studio  8,Studio  8,Studio  8,,1,,,,,,,,,,,Studios,,,Studios,103,,not_checked,,,
HW-3F34841F76,STU8_PC,CPU,CPU,CPU,"AMD Reyzen 5 - 32 GB RAM - 1TB SSD - 8 GB Graphic card  NVDI - key board,mouse -Windows 11 genuan windows",1,,,,,,,STU8_PC,178BFBFF00A60F12,PW Vendor,,Studio 8,Working,,Studios,106,duplicate merged from Studios row 107,not_checked,,,
HW-5946AD4F58,STU8_IFP,IFP,IFP,IFP,75''- Senses - Android 12 - Windows cracked with cable,1,,,,,,,STU8_IFP,BFEBFBFF000906A3,Smart Infovision,,Studio 8,Working,,Studios,108,duplicate merged from Studios row 113,not_checked,,,
HW-DD571AA333,STU8_PTZ,Camara,Camara,Camara,AIWaft  -4k wall mounted - with Cable,1,,,,,,,STU8_PTZ,NA,Smart Infovision,,Studio 8,Working,,Studios,109,,not_checked,,,
HW-80E7B180D5,STU8_MIC,colure mic,colure mic,colure mic,Blutooth Mic - DJI,1,,,,,,,STU8_MIC,NA,Online- Amezon,,Studio 8,Working,,Studios,112,,not_checked,,,
HW-ECD5A74D7A,,Studio  9,Studio  9,Studio  9,,1,,,,,,,,,,,Studios,,,Studios,117,,not_checked,,,
HW-CB075261D6,STU9_PC,CPU,CPU,CPU,-,1,,,,,,,STU9_PC,-,PW Vendor,,Studio 9,Not available,,Studios,120,duplicate merged from Studios row 121,not_checked,,,
HW-9D48F0A95D,STU9_IFP,IFP,IFP,IFP,75''- Senses - Android 12 - Windows cracked with cable,1,,,,,,,STU9_IFP,-,Smart Infovision,,Studio 9,Stand,,Studios,122,duplicate merged from Studios row 127,not_checked,,,
HW-EC6F9E160C,STU9_PTZ,Camara,Camara,Camara,-,1,,,,,,,STU9_PTZ,-,Smart Infovision,,Studio 9,Not available,,Studios,123,,not_checked,,,
HW-4D6820E6D6,STU9_MIC,colure mic,colure mic,colure mic,-,1,,,,,,,STU9_MIC,-,Online- Amezon,,Studio 9,Not available,,Studios,126,,not_checked,,,
HW-02825586DE,,Studio  10,Studio  10,Studio  10,,1,,,,,,,,,,,Studios,,,Studios,131,,not_checked,,,
HW-2566A175DA,STU10_PC,CPU,CPU,CPU,"AMD Reyzen 5 - 32 GB RAM - 1TB SSD - 8 GB Graphic card  NVDI - key board,mouse -Windows 11 genuan windows",1,,,,,,,STU10_PC,178BFBFF00A60F12,PW Vendor,,Studio 10,Working,,Studios,134,duplicate merged from Studios row 135,not_checked,,,
HW-516161600A,STU10_IFP,IFP,IFP,IFP,75''- Senses - Android 12 - Windows cracked with cable,1,,,,,,,STU10_IFP,BFEBFBFF000906A3,Smart Infovision,,Studio 10,Working,,Studios,136,duplicate merged from Studios row 141,not_checked,,,
HW-32FC01FB5C,STU10_PTZ,Camara,Camara,Camara,AIWaft  -4k wall mounted - with Cable,1,,,,,,,STU10_PTZ,NA,Smart Infovision,,Studio 10,Working,,Studios,137,,not_checked,,,
HW-71D1B19D6A,STU10_MIC,colure mic,colure mic,colure mic,Blutooth Mic - DJI,1,,,,,,,STU10_MIC,NA,Online- Amezon,,Studio 10,Working,,Studios,140,,not_checked,,,
HW-2FDB8919F6,,Studio  11,Studio  11,Studio  11,,1,,,,,,,,,,,Studios,,,Studios,145,,not_checked,,,
HW-26D93305BE,STU11_PC,CPU,CPU,CPU,"i5 14 Gen -32GB RAM - 1TB SSD - 8 GB Graphic card  NVDI - key board,mouse -Windows 11 genuan windows",1,,,,,,,STU11_PC,BFEBFBFF000B06F2,PW Vendor,,Studio 11,Working,,Studios,148,duplicate merged from Studios row 149,not_checked,,,
HW-C2AE47A8D4,STU11_IFP,IFP,IFP,IFP,75''- Senses - Android 12 - Windows cracked with cable,1,,,,,,,STU11_IFP,BFEBFBFF000906A3,Smart Infovision,,Studio 11,Working,,Studios,150,duplicate merged from Studios row 155,not_checked,,,
HW-AB31488702,STU11_PTZ,Camara,Camara,Camara,AIWaft  -4k wall mounted - with Cable,1,,,,,,,STU11_PTZ,NA,Smart Infovision,,Studio 11,Working,,Studios,151,,not_checked,,,
HW-19C855D0CD,STU11_MIC,colure mic,colure mic,colure mic,Blutooth Mic - DJI,1,,,,,,,STU11_MIC,NA,Online- Amezon,,Studio 11,Working,,Studios,154,,not_checked,,,
HW-6A68F21481,,Studio  12,Studio  12,Studio  12,,1,,,,,,,,,,,Studios,,,Studios,159,,not_checked,,,
HW-B7656F7BFF,STU12_PC,CPU,CPU,CPU,"AMD Reyzen 5 - 32 GB RAM - 1TB SSD - 8 GB Graphic card  NVDI - key board,mouse -Windows 11 genuan windows",1,,,,,,,STU12_PC,178BFBFF00A60F12,PW Vendor,,Studio 12,Working,,Studios,162,duplicate merged from Studios row 163,not_checked,,,
HW-3A7F46E24D,STU12_IFP,IFP,IFP,IFP,75''- Senses - Android 12 - Windows cracked with cable,1,,,,,,,STU12_IFP,BFEBFBFF000906A3,Smart Infovision,,Studio 12,Working,,Studios,164,duplicate merged from Studios row 169,not_checked,,,
HW-26A5C67335,STU12_PTZ,Camara,Camara,Camara,AIWaft  -4k wall mounted - with Cable,1,,,,,,,STU12_PTZ,NA,Smart Infovision,,Studio 12,Working,,Studios,165,,not_checked,,,
HW-0E0C199154,STU12_MIC,colure mic,colure mic,colure mic,Blutooth Mic - DJI,1,,,,,,,STU12_MIC,NA,Online- Amezon,,Studio 12,Working,,Studios,168,,not_checked,,,
HW-86B1789AC2,Network,Router,Router,Router,TP link Router 300 Mbps,1,,,,,,,Network,NA,PW,,Support,Working,,Support 1,5,duplicate merged from Support 1 row 6; duplicate merged from Support 1 row 7; duplicate merged from Support 2 row 5; duplicate merged from Support 2 row 6,not_checked,,,
HW-FF3F2B59B7,Harshita,Teliphone,Teliphone,Teliphone,Teliphone,1,,,,,,,Harshita,NA,PW,,Support,Working,,Support 1,8,duplicate merged from Support 2 row 7,not_checked,,,
HW-C0CB207A93,SUP1PC1,CUP With Keybord and Mouse and Headohone,CUP With Keybord and Mouse and Headohone,CUP With Keybord and Mouse and Headohone,i3 9gen - 8 Gb Ram - 256 GB SSD-Win 11 Pro LTS 64 bit os,1,,,,,,,SUP1PC1,NA,PW,,Support,Working,,Support 1,9,duplicate merged from Support 1 row 28,not_checked,,,
HW-E291DE1675,SUP1PC2,CUP With Keybord and Mouse and Headohone,CUP With Keybord and Mouse and Headohone,CUP With Keybord and Mouse and Headohone,i3 9gen - 8 Gb Ram - 256 GB SSD-Win 11 Pro LTS 64 bit os,1,,,,,,,SUP1PC2,NA,PW,,Support,Working,,Support 1,10,duplicate merged from Support 1 row 29,not_checked,,,
HW-85E59E106F,SUP1PC3,CUP With Keybord and Mouse and Headohone,CUP With Keybord and Mouse and Headohone,CUP With Keybord and Mouse and Headohone,i3 9gen - 8 Gb Ram - 256 GB SSD-Ubuntu 24.04.4 LTS 64 bit os,1,,,,,,,SUP1PC3,NA,PW,,Support,Working,,Support 1,11,duplicate merged from Support 1 row 30,not_checked,,,
HW-D7A6DDC78E,SUP1PC4,CUP With Keybord and Mouse and Headohone,CUP With Keybord and Mouse and Headohone,CUP With Keybord and Mouse and Headohone,i3 9gen - 8 Gb Ram - 256 GB SSD-Ubuntu 24.04.4 LTS 64 bit os,1,,,,,,,SUP1PC4,NA,PW,,Support,Working,,Support 1,12,duplicate merged from Support 1 row 31,not_checked,,,
HW-0281B5C0B5,SUP1PC5,CUP With Keybord and Mouse and Headohone,CUP With Keybord and Mouse and Headohone,CUP With Keybord and Mouse and Headohone,i3 9gen - 8 Gb Ram - 256 GB SSD-Ubuntu 24.04.4 LTS 64 bit os,1,,,,,,,SUP1PC5,NA,PW,,Support,Working,,Support 1,13,duplicate merged from Support 1 row 32,not_checked,,,
HW-32127016F3,SUP1PC6,CUP With Keybord and Mouse and Headohone,CUP With Keybord and Mouse and Headohone,CUP With Keybord and Mouse and Headohone,i3 9gen - 8 Gb Ram - 256 GB SSD-Ubuntu 24.04.4 LTS 64 bit os,1,,,,,,,SUP1PC6,NA,PW,,Support,Working,,Support 1,14,duplicate merged from Support 1 row 33,not_checked,,,
HW-C200CAA59C,SUP1PC7,CUP With Keybord and Mouse and Headohone,CUP With Keybord and Mouse and Headohone,CUP With Keybord and Mouse and Headohone,i3 9gen - 8 Gb Ram - 256 GB SSD-Ubuntu 24.04.4 LTS 64 bit os,1,,,,,,,SUP1PC7,NA,PW,,Support,Working,,Support 1,15,duplicate merged from Support 1 row 34,not_checked,,,
HW-DC8E364CAB,SUP1PC8,CUP With Keybord and Mouse and Headohone,CUP With Keybord and Mouse and Headohone,CUP With Keybord and Mouse and Headohone,i3 9gen - 8 Gb Ram - 256 GB SSD-Ubuntu 24.04.4 LTS 64 bit os,1,,,,,,,SUP1PC8,NA,PW,,Support,Working,,Support 1,16,duplicate merged from Support 1 row 35,not_checked,,,
HW-8E42B7E798,SUP1PC9,CUP With Keybord and Mouse and Headohone,CUP With Keybord and Mouse and Headohone,CUP With Keybord and Mouse and Headohone,i3 9gen - 8 Gb Ram - 256 GB SSD-Win 11 Pro LTS 64 bit os,1,,,,,,,SUP1PC9,NA,PW,,Support,Working,,Support 1,17,duplicate merged from Support 1 row 36,not_checked,,,
HW-EFD35C87AD,SUP1PC10,CUP With Keybord and Mouse and Headohone,CUP With Keybord and Mouse and Headohone,CUP With Keybord and Mouse and Headohone,i3 9gen - 8 Gb Ram - 256 GB SSD-Ubuntu 24.04.4 LTS 64 bit os,1,,,,,,,SUP1PC10,NA,PW,,Support,Working,,Support 1,18,duplicate merged from Support 1 row 37,not_checked,,,
HW-10B7CD4AF0,SUP1PC11,CUP With Keybord and Mouse and Headohone,CUP With Keybord and Mouse and Headohone,CUP With Keybord and Mouse and Headohone,i3 9gen - 8 Gb Ram - 256 GB SSD-Win 11 Pro LTS 64 bit os,1,,,,,,,SUP1PC11,NA,PW,,Support,Working,,Support 1,19,duplicate merged from Support 1 row 38,not_checked,,,
HW-DF9B5D337E,SUP1PC12,CUP With Keybord and Mouse and Headohone,CUP With Keybord and Mouse and Headohone,CUP With Keybord and Mouse and Headohone,i3 9gen - 8 Gb Ram - 256 GB SSD-Ubuntu 24.04.4 LTS 64 bit os,1,,,,,,,SUP1PC12,NA,PW,,Support,Working,,Support 1,20,duplicate merged from Support 1 row 39,not_checked,,,
HW-C035B0676D,SUP1PC13,CUP With Keybord and Mouse and Headohone,CUP With Keybord and Mouse and Headohone,CUP With Keybord and Mouse and Headohone,i3 9gen - 8 Gb Ram - 256 GB SSD-Win 11 Pro LTS 64 bit os,1,,,,,,,SUP1PC13,NA,PW,,Support,Working,,Support 1,21,duplicate merged from Support 1 row 40,not_checked,,,
HW-E4BEC94F6A,SUP1PC14,CUP With Keybord and Mouse and Headohone,CUP With Keybord and Mouse and Headohone,CUP With Keybord and Mouse and Headohone,i3 9gen - 8 Gb Ram - 256 GB SSD-Win 11 Pro LTS 64 bit os,1,,,,,,,SUP1PC14,NA,PW,,Support,Working,,Support 1,22,duplicate merged from Support 1 row 41,not_checked,,,
HW-E2EEAA6A8F,,Moniter,Moniter,Moniter,,1,,,,,,,,,,,Support 1,,,Support 1,25,,not_checked,,,
HW-9AC381B254,SUP2PC1,CUP With Keybord and Mouse and Headohone,CUP With Keybord and Mouse and Headohone,CUP With Keybord and Mouse and Headohone,i3 9gen - 8 Gb Ram - 256 GB SSD-Ubuntu 24.04.4 LTS 64 bit os,1,,,,,,,SUP2PC1,NA,PW,,Support,Working,,Support 2,8,duplicate merged from Support 2 row 42,not_checked,,,
HW-2AAF46D8E6,SUP2PC2,CUP With Keybord and Mouse and Headohone,CUP With Keybord and Mouse and Headohone,CUP With Keybord and Mouse and Headohone,i3 9gen - 8 Gb Ram - 256 GB SSD-Ubuntu 24.04.4 LTS 64 bit os,1,,,,,,,SUP2PC2,NA,PW,,Support,Working,,Support 2,9,duplicate merged from Support 2 row 43,not_checked,,,
HW-7C8C9452CE,SUP2PC3,CUP With Keybord and Mouse and Headohone,CUP With Keybord and Mouse and Headohone,CUP With Keybord and Mouse and Headohone,i3 9gen - 8 Gb Ram - 256 GB SSD-Ubuntu 24.04.4 LTS 64 bit os,1,,,,,,,SUP2PC3,NA,PW,,Support,Working,,Support 2,10,duplicate merged from Support 2 row 44,not_checked,,,
HW-ADB17B0802,SUP2PC4,CUP With Keybord and Mouse and Headohone,CUP With Keybord and Mouse and Headohone,CUP With Keybord and Mouse and Headohone,i3 9gen - 8 Gb Ram - 256 GB SSD-Ubuntu 24.04.4 LTS 64 bit os,1,,,,,,,SUP2PC4,NA,PW,,Support,Working,,Support 2,11,duplicate merged from Support 2 row 45,not_checked,,,
HW-AA1170E757,SUP2PC5,CUP With Keybord and Mouse and Headohone,CUP With Keybord and Mouse and Headohone,CUP With Keybord and Mouse and Headohone,i3 9gen - 8 Gb Ram - 256 GB SSD-Ubuntu 24.04.4 LTS 64 bit os,1,,,,,,,SUP2PC5,NA,PW,,Support,Working,,Support 2,12,duplicate merged from Support 2 row 46,not_checked,,,
HW-EB35C720D3,SUP2PC6,CUP With Keybord and Mouse and Headohone,CUP With Keybord and Mouse and Headohone,CUP With Keybord and Mouse and Headohone,i3 9gen - 8 Gb Ram - 256 GB SSD-Ubuntu 24.04.4 LTS 64 bit os,1,,,,,,,SUP2PC6,NA,PW,,Support,Working,,Support 2,13,duplicate merged from Support 2 row 47,not_checked,,,
HW-01BAB01060,SUP2PC7,CUP With Keybord and Mouse and Headohone,CUP With Keybord and Mouse and Headohone,CUP With Keybord and Mouse and Headohone,i3 9gen - 8 Gb Ram - 256 GB SSD-Ubuntu 24.04.4 LTS 64 bit os,1,,,,,,,SUP2PC7,NA,PW,,Support,Working,,Support 2,14,duplicate merged from Support 2 row 48,not_checked,,,
HW-E8DB8A35D5,SUP2PC8,CUP With Keybord and Mouse and Headohone,CUP With Keybord and Mouse and Headohone,CUP With Keybord and Mouse and Headohone,i3 9gen - 8 Gb Ram - 256 GB SSD-Ubuntu 24.04.4 LTS 64 bit os,1,,,,,,,SUP2PC8,NA,PW,,Support,Working,,Support 2,15,duplicate merged from Support 2 row 49,not_checked,,,
HW-0ABDB10828,SUP2PC9,CUP With Keybord and Mouse and Headohone,CUP With Keybord and Mouse and Headohone,CUP With Keybord and Mouse and Headohone,i3 9gen - 8 Gb Ram - 256 GB SSD-Ubuntu 24.04.4 LTS 64 bit os,1,,,,,,,SUP2PC9,NA,PW,,Support,Working,,Support 2,16,duplicate merged from Support 2 row 50,not_checked,,,
HW-8A87B6AB60,SUP2PC10,CUP With Keybord and Mouse and Headohone,CUP With Keybord and Mouse and Headohone,CUP With Keybord and Mouse and Headohone,i3 9gen - 8 Gb Ram - 256 GB SSD-Ubuntu 24.04.4 LTS 64 bit os,1,,,,,,,SUP2PC10,NA,PW,,Support,Working,,Support 2,17,duplicate merged from Support 2 row 51,not_checked,,,
HW-65A01994B9,SUP2PC11,CUP With Keybord and Mouse and Headohone,CUP With Keybord and Mouse and Headohone,CUP With Keybord and Mouse and Headohone,i3 9gen - 8 Gb Ram - 256 GB SSD-Ubuntu 24.04.4 LTS 64 bit os,1,,,,,,,SUP2PC11,NA,PW,,Support,Working,,Support 2,18,duplicate merged from Support 2 row 52,not_checked,,,
HW-146D53D689,SUP2PC12,CUP With Keybord and Mouse and Headohone,CUP With Keybord and Mouse and Headohone,CUP With Keybord and Mouse and Headohone,i3 9gen - 8 Gb Ram - 256 GB SSD-Ubuntu 24.04.4 LTS 64 bit os,1,,,,,,,SUP2PC12,NA,PW,,Support,Working,,Support 2,19,duplicate merged from Support 2 row 53,not_checked,,,
HW-936C25DB23,SUP2PC13,CUP With Keybord and Mouse and Headohone,CUP With Keybord and Mouse and Headohone,CUP With Keybord and Mouse and Headohone,i3 9gen - 8 Gb Ram - 256 GB SSD-Ubuntu 24.04.4 LTS 64 bit os,1,,,,,,,SUP2PC13,NA,PW,,Support,Working,,Support 2,20,duplicate merged from Support 2 row 54,not_checked,,,
HW-ED718A2996,SUP2PC14,CUP With Keybord and Mouse and Headohone,CUP With Keybord and Mouse and Headohone,CUP With Keybord and Mouse and Headohone,i3 9gen - 8 Gb Ram - 256 GB SSD-Ubuntu 24.04.4 LTS 64 bit os,1,,,,,,,SUP2PC14,NA,PW,,Support,Working,,Support 2,21,duplicate merged from Support 2 row 55,not_checked,,,
HW-19FD5C2AFF,SUP2PC15,CUP With Keybord and Mouse and Headohone,CUP With Keybord and Mouse and Headohone,CUP With Keybord and Mouse and Headohone,i3 9gen - 8 Gb Ram - 256 GB SSD-Ubuntu 24.04.4 LTS 64 bit os,1,,,,,,,SUP2PC15,NA,PW,,Support,Working,,Support 2,22,duplicate merged from Support 2 row 56,not_checked,,,
HW-80AB3C8A81,SUP2PC16,CUP With Keybord and Mouse and Headohone,CUP With Keybord and Mouse and Headohone,CUP With Keybord and Mouse and Headohone,i3 9gen - 8 Gb Ram - 256 GB SSD-Ubuntu 24.04.4 LTS 64 bit os,1,,,,,,,SUP2PC16,NA,PW,,Support,Working,,Support 2,23,duplicate merged from Support 2 row 57,not_checked,,,
HW-36D7115F62,SUP2PC17,CUP With Keybord and Mouse and Headohone,CUP With Keybord and Mouse and Headohone,CUP With Keybord and Mouse and Headohone,i3 9gen - 8 Gb Ram - 256 GB SSD-Ubuntu 24.04.4 LTS 64 bit os,1,,,,,,,SUP2PC17,NA,PW,,Support,Working,,Support 2,24,duplicate merged from Support 2 row 58,not_checked,,,
HW-83940F57AB,SUP2PC18,CUP With Keybord and Mouse and Headohone,CUP With Keybord and Mouse and Headohone,CUP With Keybord and Mouse and Headohone,i3 9gen - 8 Gb Ram - 256 GB SSD-Ubuntu 24.04.4 LTS 64 bit os,1,,,,,,,SUP2PC18,NA,PW,,Support,Working,,Support 2,25,duplicate merged from Support 2 row 59,not_checked,,,
HW-3642506BE2,SUP2PC19,CUP With Keybord and Mouse and Headohone,CUP With Keybord and Mouse and Headohone,CUP With Keybord and Mouse and Headohone,i3 9gen - 8 Gb Ram - 256 GB SSD-Ubuntu 24.04.4 LTS 64 bit os,1,,,,,,,SUP2PC19,NA,PW,,Support,Working,,Support 2,26,duplicate merged from Support 2 row 60,not_checked,,,
HW-031C55812B,SUP2PC20,CUP With Keybord and Mouse and Headohone,CUP With Keybord and Mouse and Headohone,CUP With Keybord and Mouse and Headohone,i3 9gen - 8 Gb Ram - 256 GB SSD-Ubuntu 24.04.4 LTS 64 bit os,1,,,,,,,SUP2PC20,NA,PW,,Support,Working,,Support 2,27,duplicate merged from Support 2 row 61,not_checked,,,
HW-F2C616FD2A,SUP2PC21,CUP With Keybord and Mouse and Headohone,CUP With Keybord and Mouse and Headohone,CUP With Keybord and Mouse and Headohone,i3 9gen - 8 Gb Ram - 256 GB SSD-Ubuntu 24.04.4 LTS 64 bit os,1,,,,,,,SUP2PC21,NA,PW,,Support,Working,,Support 2,28,duplicate merged from Support 2 row 62,not_checked,,,
HW-2BD0E3E15C,SUP2PC22,CUP With Keybord and Mouse and Headohone,CUP With Keybord and Mouse and Headohone,CUP With Keybord and Mouse and Headohone,i3 9gen - 8 Gb Ram - 256 GB SSD-Ubuntu 24.04.4 LTS 64 bit os,1,,,,,,,SUP2PC22,NA,PW,,Support,Working,,Support 2,29,duplicate merged from Support 2 row 63,not_checked,,,
HW-8E75F502AA,SUP2PC23,CUP With Keybord and Mouse and Headohone,CUP With Keybord and Mouse and Headohone,CUP With Keybord and Mouse and Headohone,i3 9gen - 8 Gb Ram - 256 GB SSD-Ubuntu 24.04.4 LTS 64 bit os,1,,,,,,,SUP2PC23,NA,PW,,Support,Working,,Support 2,30,duplicate merged from Support 2 row 64,not_checked,,,
HW-C65C1A28E0,SUP2PC24,CUP With Keybord and Mouse and Headohone,CUP With Keybord and Mouse and Headohone,CUP With Keybord and Mouse and Headohone,i3 9gen - 8 Gb Ram - 256 GB SSD-Ubuntu 24.04.4 LTS 64 bit os,1,,,,,,,SUP2PC24,NA,PW,,Support,Working,,Support 2,31,duplicate merged from Support 2 row 65,not_checked,,,
HW-2E0BBDA872,SUP2PC25,CUP With Keybord and Mouse and Headohone,CUP With Keybord and Mouse and Headohone,CUP With Keybord and Mouse and Headohone,i3 9gen - 8 Gb Ram - 256 GB SSD-Ubuntu 24.04.4 LTS 64 bit os,1,,,,,,,SUP2PC25,NA,PW,,Support,Working,,Support 2,32,duplicate merged from Support 2 row 66,not_checked,,,
HW-86E59B1D9B,SUP2PC26,CUP With Keybord and Mouse and Headohone,CUP With Keybord and Mouse and Headohone,CUP With Keybord and Mouse and Headohone,i3 9gen - 8 Gb Ram - 256 GB SSD-Ubuntu 24.04.4 LTS 64 bit os,1,,,,,,,SUP2PC26,NA,PW,,Support,Working,,Support 2,33,duplicate merged from Support 2 row 67,not_checked,,,
HW-29768D8366,SUP2PC27,CUP With Keybord and Mouse and Headohone,CUP With Keybord and Mouse and Headohone,CUP With Keybord and Mouse and Headohone,i3 9gen - 8 Gb Ram - 256 GB SSD-Ubuntu 24.04.4 LTS 64 bit os,1,,,,,,,SUP2PC27,NA,PW,,Support,Working,,Support 2,34,duplicate merged from Support 2 row 68,not_checked,,,
HW-539B4F41DD,SUP2PC28,CUP With Keybord and Mouse and Headohone,CUP With Keybord and Mouse and Headohone,CUP With Keybord and Mouse and Headohone,i3 9gen - 8 Gb Ram - 256 GB SSD-Ubuntu 24.04.4 LTS 64 bit os,1,,,,,,,SUP2PC28,NA,PW,,Support,Working,,Support 2,35,duplicate merged from Support 2 row 69,not_checked,,,
HW-1FEFC22857,,Moniter,Moniter,Moniter,,1,,,,,,,,,,,Support 2,,,Support 2,39,,not_checked,,,
HW-78EE13C2BB,-,CUP With Keybord and Mouse and Headohone,CUP With Keybord and Mouse and Headohone,CUP With Keybord and Mouse and Headohone,i3 9gen - 8 Gb Ram - 256 GB SSD-Win 11 Pro LTS 64 bit os,1,,,,2026-06-06T00:00:00,,,-,00686,PW,,Support 3,Working,,Support 3,5,,not_checked,,,
HW-1369554B66,-,CUP With Keybord and Mouse and Headohone,CUP With Keybord and Mouse and Headohone,CUP With Keybord and Mouse and Headohone,i3 9gen - 8 Gb Ram - 256 GB SSD-Win 11 Pro LTS 64 bit os,1,,,,2026-06-06T00:00:00,,,-,00059,PW,,Support 3,Working,,Support 3,6,,not_checked,,,
HW-869D9E62FB,-,CUP With Keybord and Mouse and Headohone,CUP With Keybord and Mouse and Headohone,CUP With Keybord and Mouse and Headohone,i3 9gen - 8 Gb Ram - 256 GB SSD-Win 11 Pro LTS 64 bit os,1,,,,2026-06-06T00:00:00,,,-,02958,PW,,Support 3,Working,,Support 3,7,,not_checked,,,
HW-86680819A8,-,CUP With Keybord and Mouse and Headohone,CUP With Keybord and Mouse and Headohone,CUP With Keybord and Mouse and Headohone,i3 9gen - 8 Gb Ram - 256 GB SSD-Win 11 Pro LTS 64 bit os,1,,,,2026-06-06T00:00:00,,,-,02398,PW,,Support 3,Working,,Support 3,8,,not_checked,,,
HW-86E4BA27EC,-,CUP With Keybord and Mouse and Headohone,CUP With Keybord and Mouse and Headohone,CUP With Keybord and Mouse and Headohone,i3 9gen - 8 Gb Ram - 256 GB SSD-Win 11 Pro LTS 64 bit os,1,,,,2026-06-06T00:00:00,,,-,02927,PW,,Support 3,Working,,Support 3,9,,not_checked,,,
HW-AF96D95F9A,-,CUP With Keybord and Mouse and Headohone,CUP With Keybord and Mouse and Headohone,CUP With Keybord and Mouse and Headohone,i3 9gen - 8 Gb Ram - 256 GB SSD-Win 11 Pro LTS 64 bit os,1,,,,2026-06-06T00:00:00,,,-,03188,PW,,Support 3,Working,,Support 3,10,,not_checked,,,
HW-1053E46A90,,Moniter,Moniter,Moniter,,1,,,,,,,,,,,Support 3,,,Support 3,14,,not_checked,,,
HW-6791F56C88,-,Moniter,Moniter,Moniter,MSI 21'',1,,,,2026-06-06T00:00:00,,,-,PB9H186100544,PW,,Support,Working,,Support 3,17,,not_checked,,,
HW-6E66D8F017,-,Moniter,Moniter,Moniter,MSI 21'',1,,,,2026-06-06T00:00:00,,,-,PB9H185C02892,PW,,Support,Working,,Support 3,18,,not_checked,,,
HW-E9BB873E42,-,Moniter,Moniter,Moniter,MSI 21'',1,,,,2026-06-06T00:00:00,,,-,PB9H186100368,PW,,Support,Working,,Support 3,19,,not_checked,,,
HW-AEBE1DF9E4,-,Moniter,Moniter,Moniter,MSI 21'',1,,,,2026-06-06T00:00:00,,,-,PB9H285A02047,PW,,Support,Working,,Support 3,20,,not_checked,,,
HW-037B9C50E7,-,Moniter,Moniter,Moniter,MSI 21'',1,,,,2026-06-06T00:00:00,,,-,PB9H286410577,PW,,Support,Working,,Support 3,21,,not_checked,,,
HW-F848E7F35F,-,Moniter,Moniter,Moniter,MSI 21'',1,,,,2026-06-06T00:00:00,,,-,PB9H286410559,PW,,Support,Working,,Support 3,22,,not_checked,,,
HW-250FA08D0E,TEACHER1_PC,CUP With Keybord and Mouse,CUP With Keybord and Mouse,CUP With Keybord and Mouse,i3 9gen - 8 Gb Ram - 256 GB SSD-Win 11 Pro LTS 64 bit os,1,,,,,,,TEACHER1_PC,NA,PW,,Teacher Room,Working,,Teacher Room,5,duplicate merged from Teacher Room row 16,not_checked,,,
HW-E863935011,TEACHER2_PC,CUP With Keybord and Mouse,CUP With Keybord and Mouse,CUP With Keybord and Mouse,i3 9gen - 8 Gb Ram - 256 GB SSD-Win 11 Pro LTS 64 bit os,1,,,,,,,TEACHER2_PC,NA,PW,,Teacher Room,Working,,Teacher Room,6,duplicate merged from Teacher Room row 17,not_checked,,,
HW-EECFAB05FC,TEACHER3_PC,CUP With Keybord and Mouse,CUP With Keybord and Mouse,CUP With Keybord and Mouse,i3 9gen - 8 Gb Ram - 256 GB SSD-Win 11 Pro LTS 64 bit os,1,,,,,,,TEACHER3_PC,NA,PW,,Teacher Room,Working,,Teacher Room,7,duplicate merged from Teacher Room row 18,not_checked,,,
HW-B75540C7D2,TEACHER4_PC,CUP With Keybord and Mouse,CUP With Keybord and Mouse,CUP With Keybord and Mouse,i3 9gen - 8 Gb Ram - 256 GB SSD-Win 11 Pro LTS 64 bit os,1,,,,,,,TEACHER4_PC,NA,PW,,Teacher Room,Working,,Teacher Room,8,duplicate merged from Teacher Room row 19,not_checked,,,
HW-0670039C61,TEACHER5_PC,CUP With Keybord and Mouse,CUP With Keybord and Mouse,CUP With Keybord and Mouse,i3 9gen - 8 Gb Ram - 256 GB SSD-Win 11 Pro LTS 64 bit os,1,,,,,,,TEACHER5_PC,NA,PW,,Teacher Room,Working,,Teacher Room,9,duplicate merged from Teacher Room row 20,not_checked,,,
HW-D7EF5F4B5D,TEACHER6_PC,CUP With Keybord and Mouse,CUP With Keybord and Mouse,CUP With Keybord and Mouse,i3 9gen - 8 Gb Ram - 256 GB SSD-Win 11 Pro LTS 64 bit os,1,,,,,,,TEACHER6_PC,NA,PW,,Teacher Room,Working,,Teacher Room,10,duplicate merged from Teacher Room row 21,not_checked,,,
HW-4765F4B64B,,Moniter,Moniter,Moniter,,1,,,,,,,,,,,Teacher Room,,,Teacher Room,13,,not_checked,,,
HW-A8C2B6E90B,REP01_PC,CUP With Keybord and Mouse and Headohone,CUP With Keybord and Mouse and Headohone,CUP With Keybord and Mouse and Headohone,i5 12 Gen - 16 GB RAM - 1TB SSD - 2 GB Graphic NVDI -Windows 11 Creck windows LTS 64 bit OS,1,,,,,,,REP01_PC,T87V4KL,Priyanka mam,,Reception,Working,,Recption,5,,not_checked,,,
HW-06134EA085,Tannu,Monitor,Monitor,Monitor,Samsung 21'',1,,,,,,,Tannu,NA,Priyanka mam,,Reception,Working,,Recption,6,duplicate merged from Recption row 7,not_checked,,,
